,Pclass,Sex_1,Age,SibSp,Parch,Fare,Embarked_1,Embarked_2,FamilySize,Title_1,Title_2,Title_3,Title_4
0,1.0,1.0,0.2711736617240512,0.125,0.0,0.014151057562208049,1.0,0.0,0.1,1.0,0.0,0.0,0.0
1,0.0,0.0,0.4722292033174164,0.125,0.0,0.13913573538264068,0.0,1.0,0.1,0.0,1.0,0.0,0.0
2,1.0,0.0,0.32143754712239253,0.0,0.0,0.015468569817999833,1.0,0.0,0.0,0.0,0.0,1.0,0.0
3,0.0,0.0,0.4345312892686604,0.125,0.0,0.10364429745562033,1.0,0.0,0.1,0.0,1.0,0.0,0.0
4,1.0,1.0,0.4345312892686604,0.0,0.0,0.015712553569072387,1.0,0.0,0.0,1.0,0.0,0.0,0.0
5,1.0,1.0,0.36792055349407915,0.0,0.0,0.01650950209357577,0.0,0.0,0.0,1.0,0.0,0.0,0.0
6,0.0,1.0,0.6732847449107816,0.0,0.0,0.10122885832000206,1.0,0.0,0.0,1.0,0.0,0.0,0.0
7,1.0,1.0,0.01985423473234481,0.375,0.16666666666666666,0.04113566043083236,1.0,0.0,0.4,0.0,0.0,0.0,1.0
8,1.0,0.0,0.33400351847197784,0.0,0.3333333333333333,0.021730754366528396,1.0,0.0,0.20000000000000004,0.0,1.0,0.0,0.0
9,0.5,0.0,0.17064589092736868,0.125,0.0,0.058694292654020104,0.0,1.0,0.1,0.0,1.0,0.0,0.0
10,1.0,0.0,0.04498617743151546,0.125,0.16666666666666666,0.03259622914329302,1.0,0.0,0.20000000000000004,0.0,0.0,1.0,0.0
11,0.0,0.0,0.723548630309123,0.0,0.0,0.051822148727810165,1.0,0.0,0.0,0.0,0.0,1.0,0.0
12,1.0,1.0,0.24604171902488062,0.0,0.0,0.015712553569072387,1.0,0.0,0.0,1.0,0.0,0.0,0.0
13,1.0,1.0,0.4847951746670017,0.125,0.8333333333333333,0.06104473451835265,1.0,0.0,0.6000000000000001,1.0,0.0,0.0,0.0
14,1.0,0.0,0.17064589092736868,0.0,0.0,0.015330377421392339,1.0,0.0,0.0,0.0,0.0,1.0,0.0
15,0.5,0.0,0.685850716260367,0.0,0.0,0.03122992013728673,1.0,0.0,0.0,0.0,1.0,0.0,0.0
16,1.0,1.0,0.01985423473234481,0.5,0.16666666666666666,0.05684821399990475,0.0,0.0,0.5000000000000001,0.0,0.0,0.0,1.0
17,0.5,1.0,0.36792055349407915,0.0,0.0,0.025374310111545468,1.0,0.0,0.0,1.0,0.0,0.0,0.0
18,1.0,0.0,0.38426740387031916,0.125,0.0,0.03513366015444757,1.0,0.0,0.1,0.0,1.0,0.0,0.0
19,1.0,0.0,0.36792055349407915,0.0,0.0,0.014102260811993537,0.0,1.0,0.0,0.0,1.0,0.0,0.0
20,0.5,1.0,0.4345312892686604,0.0,0.0,0.050748620223090936,1.0,0.0,0.0,1.0,0.0,0.0,0.0
21,0.5,1.0,0.4219653179190751,0.0,0.0,0.025374310111545468,1.0,0.0,0.0,1.0,0.0,0.0,0.0
22,1.0,0.0,0.18321186227695402,0.0,0.0,0.015671954672893913,0.0,0.0,0.0,0.0,0.0,1.0,0.0
23,0.0,1.0,0.34656948982156316,0.0,0.0,0.06929138530460494,1.0,0.0,0.0,1.0,0.0,0.0,0.0
24,1.0,0.0,0.09525006282985675,0.375,0.16666666666666666,0.04113566043083236,1.0,0.0,0.4,0.0,0.0,1.0,0.0
25,1.0,0.0,0.4722292033174164,0.125,0.8333333333333333,0.06126431989431795,1.0,0.0,0.6000000000000001,0.0,1.0,0.0,0.0
26,1.0,1.0,0.36792055349407915,0.0,0.0,0.014102260811993537,0.0,1.0,0.0,1.0,0.0,0.0,0.0
27,0.0,1.0,0.2334757476752953,0.375,0.3333333333333333,0.5133418122566507,1.0,0.0,0.5000000000000001,1.0,0.0,0.0,0.0
28,1.0,0.0,0.36792055349407915,0.0,0.0,0.01537917417160685,0.0,0.0,0.0,0.0,0.0,1.0,0.0
29,1.0,1.0,0.36792055349407915,0.0,0.0,0.015411575213749286,1.0,0.0,0.0,1.0,0.0,0.0,0.0
30,0.0,1.0,0.49736114601658704,0.0,0.0,0.05410739813385612,0.0,1.0,0.0,0.0,0.0,0.0,0.0
31,0.0,0.0,0.36792055349407915,0.125,0.0,0.2859895551532101,0.0,1.0,0.1,0.0,1.0,0.0,0.0
32,1.0,0.0,0.36792055349407915,0.0,0.0,0.015126992566498259,0.0,0.0,0.0,0.0,0.0,1.0,0.0
33,0.5,1.0,0.8240764011058055,0.0,0.0,0.020494635090094415,1.0,0.0,0.0,1.0,0.0,0.0,0.0
34,0.0,1.0,0.34656948982156316,0.125,0.0,0.16038672010106003,0.0,1.0,0.1,1.0,0.0,0.0,0.0
35,0.0,1.0,0.5224930887157577,0.125,0.0,0.10149724044618187,1.0,0.0,0.1,1.0,0.0,0.0,0.0
36,1.0,1.0,0.36792055349407915,0.0,0.0,0.014110458666029575,0.0,1.0,0.0,1.0,0.0,0.0,0.0
37,1.0,1.0,0.2586076903744659,0.0,0.0,0.015712553569072387,1.0,0.0,0.0,1.0,0.0,0.0,0.0
38,1.0,0.0,0.22090977632571,0.25,0.0,0.03513366015444757,1.0,0.0,0.20000000000000004,0.0,0.0,1.0,0.0
39,1.0,0.0,0.17064589092736868,0.125,0.0,0.021942337075458514,0.0,1.0,0.1,0.0,0.0,1.0,0.0
40,1.0,0.0,0.49736114601658704,0.125,0.0,0.018493968331299484,1.0,0.0,0.1,0.0,1.0,0.0,0.0
41,0.5,0.0,0.33400351847197784,0.125,0.0,0.04098927018018883,1.0,0.0,0.1,0.0,1.0,0.0,0.0
42,1.0,1.0,0.36792055349407915,0.0,0.0,0.015411575213749286,0.0,1.0,0.0,1.0,0.0,0.0,0.0
43,0.5,0.0,0.032420206081930136,0.125,0.3333333333333333,0.08115719346076702,0.0,1.0,0.30000000000000004,0.0,0.0,1.0,0.0
44,1.0,0.0,0.2334757476752953,0.0,0.0,0.01537917417160685,0.0,0.0,0.0,0.0,0.0,1.0,0.0
45,1.0,1.0,0.36792055349407915,0.0,0.0,0.015712553569072387,1.0,0.0,0.0,1.0,0.0,0.0,0.0
46,1.0,1.0,0.36792055349407915,0.125,0.0,0.030253985132996517,0.0,0.0,0.1,1.0,0.0,0.0,0.0
47,1.0,0.0,0.36792055349407915,0.0,0.0,0.015126992566498259,0.0,0.0,0.0,0.0,0.0,1.0,0.0
48,1.0,1.0,0.36792055349407915,0.25,0.0,0.04231498029001666,0.0,1.0,0.20000000000000004,1.0,0.0,0.0,0.0
49,1.0,0.0,0.22090977632571,0.125,0.0,0.034743286152731485,1.0,0.0,0.1,0.0,1.0,0.0,0.0
50,1.0,1.0,0.08268409148027142,0.5,0.16666666666666666,0.07746484096553544,1.0,0.0,0.5000000000000001,0.0,0.0,0.0,1.0
51,1.0,1.0,0.2586076903744659,0.0,0.0,0.01522458606692728,1.0,0.0,0.0,1.0,0.0,0.0,0.0
52,0.0,0.0,0.610454888162855,0.125,0.0,0.1497654242623688,0.0,1.0,0.1,0.0,1.0,0.0,0.0
53,0.5,0.0,0.35913546117114853,0.125,0.0,0.050748620223090936,1.0,0.0,0.1,0.0,1.0,0.0,0.0
54,0.0,1.0,0.8115104297562202,0.0,0.16666666666666666,0.1209753416358076,0.0,1.0,0.1,1.0,0.0,0.0,0.0
55,0.0,1.0,0.36792055349407915,0.0,0.0,0.06929138530460494,1.0,0.0,0.0,1.0,0.0,0.0,0.0
56,0.5,0.0,0.2586076903744659,0.0,0.0,0.020494635090094415,1.0,0.0,0.0,0.0,0.0,1.0,0.0
57,1.0,1.0,0.35285247549635584,0.0,0.0,0.014110458666029575,0.0,1.0,0.0,1.0,0.0,0.0,0.0
58,0.5,0.0,0.05755214878110078,0.125,0.3333333333333333,0.05416439273810667,1.0,0.0,0.30000000000000004,0.0,0.0,1.0,0.0
59,1.0,1.0,0.1329479768786127,0.625,0.3333333333333333,0.09154270340242172,1.0,0.0,0.7000000000000001,0.0,0.0,0.0,1.0
60,1.0,1.0,0.2711736617240512,0.0,0.0,0.014110458666029575,0.0,1.0,0.0,1.0,0.0,0.0,0.0
61,0.0,0.0,0.4722292033174164,0.0,0.0,0.15614960068643363,1.0,0.0,0.0,0.0,0.0,1.0,0.0
62,0.0,1.0,0.5601910027645137,0.125,0.0,0.16293234896625058,1.0,0.0,0.1,1.0,0.0,0.0,0.0
63,1.0,1.0,0.04498617743151546,0.375,0.3333333333333333,0.05445717323939373,1.0,0.0,0.5000000000000001,0.0,0.0,0.0,1.0
64,0.0,1.0,0.36792055349407915,0.0,0.0,0.05410739813385612,0.0,1.0,0.0,1.0,0.0,0.0,0.0
65,1.0,1.0,0.36792055349407915,0.125,0.16666666666666666,0.029757819776815374,0.0,1.0,0.20000000000000004,0.0,0.0,0.0,1.0
66,0.5,0.0,0.35913546117114853,0.0,0.0,0.020494635090094415,1.0,0.0,0.0,0.0,1.0,0.0,0.0
67,1.0,1.0,0.2334757476752953,0.0,0.0,0.015923941091001644,1.0,0.0,0.0,1.0,0.0,0.0,0.0
68,1.0,0.0,0.20834380497612465,0.5,0.3333333333333333,0.015468569817999833,1.0,0.0,0.6000000000000001,0.0,0.0,1.0,0.0
69,1.0,1.0,0.32143754712239253,0.25,0.0,0.016908073949327893,1.0,0.0,0.20000000000000004,1.0,0.0,0.0,0.0
70,0.5,1.0,0.39683337521990447,0.0,0.0,0.020494635090094415,1.0,0.0,0.0,1.0,0.0,0.0,0.0
71,1.0,0.0,0.19577783362653933,0.625,0.3333333333333333,0.09154270340242172,1.0,0.0,0.7000000000000001,0.0,0.0,1.0,0.0
72,0.5,1.0,0.2586076903744659,0.0,0.0,0.1434624456306609,1.0,0.0,0.0,1.0,0.0,0.0,0.0
73,1.0,1.0,0.32143754712239253,0.125,0.0,0.028212719478023115,0.0,1.0,0.1,1.0,0.0,0.0,0.0
74,1.0,1.0,0.39683337521990447,0.0,0.0,0.11027245763075773,1.0,0.0,0.0,1.0,0.0,0.0,0.0
75,1.0,1.0,0.3088715757728072,0.0,0.0,0.014931805565640218,1.0,0.0,0.0,1.0,0.0,0.0,0.0
76,1.0,1.0,0.36792055349407915,0.0,0.0,0.015411575213749286,1.0,0.0,0.0,1.0,0.0,0.0,0.0
77,1.0,1.0,0.36792055349407915,0.0,0.0,0.015712553569072387,1.0,0.0,0.0,1.0,0.0,0.0,0.0
78,0.5,1.0,0.005152048253329982,0.0,0.3333333333333333,0.056604230248832196,1.0,0.0,0.20000000000000004,0.0,0.0,0.0,1.0
79,1.0,0.0,0.37170143252073384,0.0,0.0,0.024349578357040744,1.0,0.0,0.0,0.0,0.0,1.0,0.0
80,1.0,1.0,0.2711736617240512,0.0,0.0,0.017566830077223785,1.0,0.0,0.0,1.0,0.0,0.0,0.0
81,1.0,1.0,0.35913546117114853,0.0,0.0,0.018542765081513996,1.0,0.0,0.0,1.0,0.0,0.0,0.0
82,1.0,0.0,0.36792055349407915,0.0,0.0,0.015200187691820024,0.0,0.0,0.0,0.0,0.0,1.0,0.0
83,0.0,1.0,0.34656948982156316,0.0,0.0,0.09193307740413781,1.0,0.0,0.0,1.0,0.0,0.0,0.0
84,0.5,0.0,0.20834380497612465,0.0,0.0,0.020494635090094415,1.0,0.0,0.0,0.0,0.0,1.0,0.0
85,1.0,0.0,0.4093993465694898,0.375,0.0,0.030937139635999665,1.0,0.0,0.30000000000000004,0.0,1.0,0.0,0.0
86,1.0,1.0,0.19577783362653933,0.125,0.5,0.06709553154495196,1.0,0.0,0.4,1.0,0.0,0.0,0.0
87,1.0,1.0,0.36792055349407915,0.0,0.0,0.015712553569072387,1.0,0.0,0.0,1.0,0.0,0.0,0.0
88,0.0,0.0,0.2837396330736366,0.375,0.3333333333333333,0.5133418122566507,1.0,0.0,0.5000000000000001,0.0,0.0,1.0,0.0
89,1.0,1.0,0.2963056044232219,0.0,0.0,0.015712553569072387,1.0,0.0,0.0,1.0,0.0,0.0,0.0
90,1.0,1.0,0.35913546117114853,0.0,0.0,0.015712553569072387,1.0,0.0,0.0,1.0,0.0,0.0,0.0
91,1.0,1.0,0.24604171902488062,0.0,0.0,0.015330377421392339,1.0,0.0,0.0,1.0,0.0,0.0,0.0
92,0.0,1.0,0.5727569741140991,0.125,0.0,0.11940564777490723,1.0,0.0,0.1,1.0,0.0,0.0,0.0
93,1.0,1.0,0.32143754712239253,0.125,0.3333333333333333,0.04015972542654215,1.0,0.0,0.30000000000000004,1.0,0.0,0.0,0.0
94,1.0,1.0,0.7361146016587082,0.0,0.0,0.014151057562208049,1.0,0.0,0.0,1.0,0.0,0.0,0.0
95,1.0,1.0,0.36792055349407915,0.0,0.0,0.015712553569072387,1.0,0.0,0.0,1.0,0.0,0.0,0.0
96,0.0,1.0,0.8869062578537321,0.0,0.0,0.06764049365134761,0.0,1.0,0.0,1.0,0.0,0.0,0.0
97,0.0,1.0,0.2837396330736366,0.0,0.16666666666666666,0.12366716556464086,0.0,1.0,0.1,1.0,0.0,0.0,0.0
98,0.5,0.0,0.4219653179190751,0.0,0.16666666666666666,0.044893010197349675,1.0,0.0,0.1,0.0,1.0,0.0,0.0
99,0.5,1.0,0.4219653179190751,0.125,0.0,0.050748620223090936,1.0,0.0,0.1,1.0,0.0,0.0,0.0
100,1.0,0.0,0.34656948982156316,0.0,0.0,0.015411575213749286,1.0,0.0,0.0,0.0,0.0,1.0,0.0
101,1.0,1.0,0.36792055349407915,0.0,0.0,0.015411575213749286,1.0,0.0,0.0,1.0,0.0,0.0,0.0
102,0.0,1.0,0.2586076903744659,0.0,0.16666666666666666,0.15085515328815924,1.0,0.0,0.1,1.0,0.0,0.0,0.0
103,1.0,1.0,0.4093993465694898,0.0,0.0,0.016891873428256675,1.0,0.0,0.0,1.0,0.0,0.0,0.0
104,1.0,1.0,0.4596632319678311,0.25,0.0,0.015468569817999833,1.0,0.0,0.20000000000000004,1.0,0.0,0.0,0.0
105,1.0,1.0,0.34656948982156316,0.0,0.0,0.015411575213749286,1.0,0.0,0.0,1.0,0.0,0.0,0.0
106,1.0,0.0,0.2586076903744659,0.0,0.0,0.014931805565640218,1.0,0.0,0.0,0.0,0.0,1.0,0.0
107,1.0,1.0,0.36792055349407915,0.0,0.0,0.015175789316712771,1.0,0.0,0.0,1.0,0.0,0.0,0.0
108,1.0,1.0,0.4722292033174164,0.0,0.0,0.015411575213749286,1.0,0.0,0.0,1.0,0.0,0.0,0.0
109,1.0,0.0,0.36792055349407915,0.125,0.0,0.04713766070721715,0.0,0.0,0.1,0.0,0.0,1.0,0.0
110,0.0,1.0,0.5853229454636844,0.0,0.0,0.10149724044618187,1.0,0.0,0.0,1.0,0.0,0.0,0.0
111,1.0,0.0,0.17692887660216136,0.125,0.0,0.028212719478023115,0.0,1.0,0.1,0.0,0.0,1.0,0.0
112,1.0,1.0,0.2711736617240512,0.0,0.0,0.015712553569072387,1.0,0.0,0.0,1.0,0.0,0.0,0.0
113,1.0,0.0,0.24604171902488062,0.125,0.0,0.019177122834302632,1.0,0.0,0.1,0.0,0.0,1.0,0.0
114,1.0,0.0,0.20834380497612465,0.0,0.0,0.028220722145058292,0.0,1.0,0.0,0.0,0.0,1.0,0.0
115,1.0,1.0,0.2586076903744659,0.0,0.0,0.015468569817999833,1.0,0.0,0.0,1.0,0.0,0.0,0.0
116,1.0,1.0,0.8806232721789394,0.0,0.0,0.015126992566498259,0.0,0.0,0.0,1.0,0.0,0.0,0.0
117,0.5,1.0,0.35913546117114853,0.125,0.0,0.04098927018018883,1.0,0.0,0.1,1.0,0.0,0.0,0.0
118,0.0,1.0,0.2963056044232219,0.0,0.16666666666666666,0.4831284260198326,0.0,1.0,0.1,1.0,0.0,0.0,0.0
119,1.0,0.0,0.01985423473234481,0.5,0.3333333333333333,0.06104473451835265,1.0,0.0,0.6000000000000001,0.0,0.0,1.0,0.0
120,0.5,1.0,0.2586076903744659,0.25,0.0,0.1434624456306609,1.0,0.0,0.20000000000000004,1.0,0.0,0.0,0.0
121,1.0,1.0,0.36792055349407915,0.0,0.0,0.015712553569072387,1.0,0.0,0.0,1.0,0.0,0.0,0.0
122,0.5,1.0,0.40311636089469716,0.125,0.0,0.058694292654020104,0.0,1.0,0.1,1.0,0.0,0.0,0.0
123,0.5,0.0,0.40311636089469716,0.0,0.0,0.025374310111545468,1.0,0.0,0.0,0.0,0.0,1.0,0.0
124,0.0,1.0,0.6732847449107816,0.0,0.16666666666666666,0.15085515328815924,1.0,0.0,0.1,1.0,0.0,0.0,0.0
125,1.0,1.0,0.14551394822819805,0.125,0.0,0.021942337075458514,0.0,1.0,0.1,0.0,0.0,0.0,1.0
126,1.0,1.0,0.36792055349407915,0.0,0.0,0.015126992566498259,0.0,0.0,0.0,1.0,0.0,0.0,0.0
127,1.0,1.0,0.2963056044232219,0.0,0.0,0.01393967004027879,1.0,0.0,0.0,1.0,0.0,0.0,0.0
128,1.0,0.0,0.36792055349407915,0.125,0.16666666666666666,0.04364049521284362,0.0,1.0,0.20000000000000004,0.0,0.0,1.0,0.0
129,1.0,1.0,0.5601910027645137,0.0,0.0,0.013614293309848433,1.0,0.0,0.0,1.0,0.0,0.0,0.0
130,1.0,1.0,0.4093993465694898,0.0,0.0,0.015411575213749286,0.0,1.0,0.0,1.0,0.0,0.0,0.0
131,1.0,1.0,0.24604171902488062,0.0,0.0,0.013760683560491965,1.0,0.0,0.0,1.0,0.0,0.0,0.0
132,1.0,0.0,0.5853229454636844,0.125,0.0,0.028302115124416098,1.0,0.0,0.1,0.0,1.0,0.0,0.0
133,0.5,0.0,0.35913546117114853,0.125,0.0,0.050748620223090936,1.0,0.0,0.1,0.0,1.0,0.0,0.0
134,0.5,1.0,0.3088715757728072,0.0,0.0,0.025374310111545468,1.0,0.0,0.0,1.0,0.0,0.0,0.0
135,0.5,1.0,0.2837396330736366,0.0,0.0,0.02936744577509929,0.0,1.0,0.0,1.0,0.0,0.0,0.0
136,0.0,0.0,0.2334757476752953,0.0,0.3333333333333333,0.051301584996521765,1.0,0.0,0.20000000000000004,0.0,0.0,1.0,0.0
137,0.0,1.0,0.4596632319678311,0.125,0.0,0.10364429745562033,1.0,0.0,0.1,1.0,0.0,0.0,0.0
138,1.0,1.0,0.19577783362653933,0.0,0.0,0.01798980030808316,1.0,0.0,0.0,1.0,0.0,0.0,0.0
139,0.0,1.0,0.2963056044232219,0.0,0.0,0.15458810467956932,0.0,1.0,0.0,1.0,0.0,0.0,0.0
140,1.0,0.0,0.36792055349407915,0.0,0.3333333333333333,0.029757819776815374,0.0,1.0,0.20000000000000004,0.0,1.0,0.0,0.0
141,1.0,0.0,0.2711736617240512,0.0,0.0,0.015126992566498259,1.0,0.0,0.0,0.0,0.0,1.0,0.0
142,1.0,0.0,0.2963056044232219,0.125,0.0,0.030937139635999665,1.0,0.0,0.1,0.0,1.0,0.0,0.0
143,1.0,1.0,0.2334757476752953,0.0,0.0,0.013175122557917838,0.0,0.0,0.0,1.0,0.0,0.0,0.0
144,0.5,1.0,0.22090977632571,0.0,0.0,0.022446505098674838,1.0,0.0,0.0,1.0,0.0,0.0,0.0
145,0.5,1.0,0.2334757476752953,0.125,0.16666666666666666,0.07173122281533045,1.0,0.0,0.20000000000000004,1.0,0.0,0.0,0.0
146,1.0,1.0,0.33400351847197784,0.0,0.0,0.015216388212891242,1.0,0.0,0.0,1.0,0.0,0.0,0.0
147,1.0,0.0,0.10781603417944208,0.25,0.3333333333333333,0.06709553154495196,1.0,0.0,0.4,0.0,0.0,1.0,0.0
148,0.5,1.0,0.4533802462930384,0.0,0.3333333333333333,0.050748620223090936,1.0,0.0,0.20000000000000004,1.0,0.0,0.0,0.0
149,0.5,1.0,0.5224930887157577,0.0,0.0,0.025374310111545468,1.0,0.0,0.0,0.0,0.0,0.0,0.0
150,0.5,1.0,0.6355868308620256,0.0,0.0,0.02444717185746977,1.0,0.0,0.0,0.0,0.0,0.0,0.0
151,0.0,0.0,0.2711736617240512,0.125,0.0,0.12999454257145598,1.0,0.0,0.1,0.0,1.0,0.0,0.0
152,1.0,1.0,0.6921337019351597,0.0,0.0,0.015712553569072387,1.0,0.0,0.0,1.0,0.0,0.0,0.0
153,1.0,1.0,0.5036441316913798,0.0,0.3333333333333333,0.028302115124416098,1.0,0.0,0.20000000000000004,1.0,0.0,0.0,0.0
154,1.0,1.0,0.36792055349407915,0.0,0.0,0.014273049437744325,1.0,0.0,0.0,1.0,0.0,0.0,0.0
155,0.0,1.0,0.6355868308620256,0.0,0.16666666666666666,0.11980421963065935,0.0,1.0,0.1,1.0,0.0,0.0,0.0
156,1.0,0.0,0.19577783362653933,0.0,0.0,0.015094396337354966,0.0,0.0,0.0,0.0,0.0,1.0,0.0
157,1.0,1.0,0.37170143252073384,0.0,0.0,0.015712553569072387,1.0,0.0,0.0,1.0,0.0,0.0,0.0
158,1.0,1.0,0.36792055349407915,0.0,0.0,0.016908073949327893,1.0,0.0,0.0,1.0,0.0,0.0,0.0
159,1.0,1.0,0.36792055349407915,1.0,0.3333333333333333,0.13575255909676825,1.0,0.0,1.0,0.0,0.0,0.0,1.0
160,1.0,1.0,0.5476250314149284,0.0,0.16666666666666666,0.031425107138144774,1.0,0.0,0.1,1.0,0.0,0.0,0.0
161,0.5,0.0,0.49736114601658704,0.0,0.0,0.030741952635141623,1.0,0.0,0.0,0.0,1.0,0.0,0.0
162,1.0,1.0,0.32143754712239253,0.0,0.0,0.015175789316712771,1.0,0.0,0.0,1.0,0.0,0.0,0.0
163,1.0,1.0,0.20834380497612465,0.0,0.0,0.016908073949327893,1.0,0.0,0.0,1.0,0.0,0.0,0.0
164,1.0,1.0,0.007288263382759488,0.5,0.16666666666666666,0.07746484096553544,1.0,0.0,0.5000000000000001,0.0,0.0,0.0,1.0
165,1.0,1.0,0.10781603417944208,0.0,0.3333333333333333,0.04006213192611313,1.0,0.0,0.20000000000000004,0.0,0.0,0.0,1.0
166,0.0,0.0,0.36792055349407915,0.0,0.16666666666666666,0.10735285047192313,1.0,0.0,0.1,0.0,1.0,0.0,0.0
167,1.0,0.0,0.5601910027645137,0.125,0.6666666666666666,0.05445717323939373,1.0,0.0,0.5000000000000001,0.0,1.0,0.0,0.0
168,0.0,1.0,0.36792055349407915,0.0,0.0,0.050602229972447406,1.0,0.0,0.0,1.0,0.0,0.0,0.0
169,1.0,1.0,0.34656948982156316,0.0,0.0,0.11027245763075773,1.0,0.0,0.0,1.0,0.0,0.0,0.0
170,0.0,1.0,0.7612465443578789,0.0,0.0,0.06538764528744409,1.0,0.0,0.0,1.0,0.0,0.0,0.0
171,1.0,1.0,0.04498617743151546,0.5,0.16666666666666666,0.05684821399990475,0.0,0.0,0.5000000000000001,0.0,0.0,0.0,1.0
172,1.0,0.0,0.007288263382759488,0.125,0.16666666666666666,0.021730754366528396,1.0,0.0,0.20000000000000004,0.0,0.0,1.0,0.0
173,1.0,1.0,0.2586076903744659,0.0,0.0,0.015468569817999833,1.0,0.0,0.0,1.0,0.0,0.0,0.0
174,0.0,1.0,0.6984166876099522,0.0,0.0,0.05991421140938287,0.0,1.0,0.0,1.0,0.0,0.0,0.0
175,1.0,1.0,0.22090977632571,0.125,0.16666666666666666,0.015330377421392339,1.0,0.0,0.20000000000000004,1.0,0.0,0.0,0.0
176,1.0,1.0,0.36792055349407915,0.375,0.16666666666666666,0.049707687947515,1.0,0.0,0.4,0.0,0.0,0.0,1.0
177,0.0,0.0,0.6230208595124404,0.0,0.0,0.05604306762136532,0.0,1.0,0.0,0.0,0.0,1.0,0.0
178,0.5,1.0,0.37170143252073384,0.0,0.0,0.025374310111545468,1.0,0.0,0.0,1.0,0.0,0.0,0.0
179,1.0,1.0,0.4470972606182458,0.0,0.0,0.0,1.0,0.0,0.0,1.0,0.0,0.0,0.0
180,1.0,0.0,0.36792055349407915,1.0,0.3333333333333333,0.13575255909676825,1.0,0.0,1.0,0.0,0.0,1.0,0.0
181,0.5,1.0,0.36792055349407915,0.0,0.0,0.02937564362913533,0.0,1.0,0.0,1.0,0.0,0.0,0.0
182,1.0,1.0,0.10781603417944208,0.5,0.3333333333333333,0.06126431989431795,1.0,0.0,0.6000000000000001,0.0,0.0,0.0,1.0
183,0.5,1.0,0.007288263382759488,0.25,0.16666666666666666,0.07612293033463641,1.0,0.0,0.30000000000000004,0.0,0.0,0.0,1.0
184,1.0,0.0,0.04498617743151546,0.0,0.3333333333333333,0.04298993693898376,1.0,0.0,0.20000000000000004,0.0,0.0,1.0,0.0
185,0.0,1.0,0.36792055349407915,0.0,0.0,0.09759350042902103,1.0,0.0,0.0,1.0,0.0,0.0,0.0
186,1.0,0.0,0.36792055349407915,0.125,0.0,0.030253985132996517,0.0,0.0,0.1,0.0,1.0,0.0,0.0
187,0.0,1.0,0.5601910027645137,0.0,0.0,0.051822148727810165,1.0,0.0,0.0,1.0,0.0,0.0,0.0
188,1.0,1.0,0.49736114601658704,0.125,0.16666666666666666,0.030253985132996517,0.0,0.0,0.20000000000000004,1.0,0.0,0.0,0.0
189,1.0,1.0,0.4470972606182458,0.0,0.0,0.015411575213749286,1.0,0.0,0.0,1.0,0.0,0.0,0.0
190,0.5,0.0,0.39683337521990447,0.0,0.0,0.025374310111545468,1.0,0.0,0.0,0.0,1.0,0.0,0.0
191,0.5,1.0,0.2334757476752953,0.0,0.0,0.025374310111545468,1.0,0.0,0.0,1.0,0.0,0.0,0.0
192,1.0,0.0,0.2334757476752953,0.125,0.0,0.015330377421392339,1.0,0.0,0.1,0.0,0.0,1.0,0.0
193,0.5,1.0,0.032420206081930136,0.125,0.16666666666666666,0.050748620223090936,1.0,0.0,0.20000000000000004,0.0,0.0,0.0,1.0
194,0.0,0.0,0.5476250314149284,0.0,0.0,0.05410739813385612,0.0,1.0,0.0,0.0,1.0,0.0,0.0
195,0.0,0.0,0.723548630309123,0.0,0.0,0.2859895551532101,0.0,1.0,0.0,0.0,0.0,1.0,0.0
196,1.0,1.0,0.36792055349407915,0.0,0.0,0.015126992566498259,0.0,0.0,0.0,1.0,0.0,0.0,0.0
197,1.0,1.0,0.5224930887157577,0.0,0.16666666666666666,0.01640390592611157,1.0,0.0,0.1,1.0,0.0,0.0,0.0
198,1.0,0.0,0.36792055349407915,0.0,0.0,0.015126992566498259,0.0,0.0,0.0,0.0,0.0,1.0,0.0
199,0.5,0.0,0.2963056044232219,0.0,0.0,0.025374310111545468,1.0,0.0,0.0,0.0,0.0,1.0,0.0
200,1.0,1.0,0.34656948982156316,0.0,0.0,0.018542765081513996,1.0,0.0,0.0,1.0,0.0,0.0,0.0
201,1.0,1.0,0.36792055349407915,1.0,0.3333333333333333,0.13575255909676825,1.0,0.0,1.0,1.0,0.0,0.0,0.0
202,1.0,1.0,0.4219653179190751,0.0,0.0,0.012678957201736696,1.0,0.0,0.0,1.0,0.0,0.0,0.0
203,1.0,1.0,0.5664739884393064,0.0,0.0,0.014102260811993537,0.0,1.0,0.0,1.0,0.0,0.0,0.0
204,1.0,1.0,0.22090977632571,0.0,0.0,0.015712553569072387,1.0,0.0,0.0,1.0,0.0,0.0,0.0
205,1.0,0.0,0.01985423473234481,0.0,0.16666666666666666,0.02042143996477265,1.0,0.0,0.1,0.0,0.0,1.0,0.0
206,1.0,1.0,0.39683337521990447,0.125,0.0,0.030937139635999665,1.0,0.0,0.1,1.0,0.0,0.0,0.0
207,1.0,1.0,0.32143754712239253,0.0,0.0,0.036670757786204655,0.0,1.0,0.0,1.0,0.0,0.0,0.0
208,1.0,0.0,0.19577783362653933,0.0,0.0,0.015126992566498259,0.0,0.0,0.0,0.0,0.0,1.0,0.0
209,0.0,1.0,0.49736114601658704,0.0,0.0,0.060507970265993034,0.0,1.0,0.0,1.0,0.0,0.0,0.0
210,1.0,1.0,0.2963056044232219,0.0,0.0,0.013760683560491965,1.0,0.0,0.0,1.0,0.0,0.0,0.0
211,0.5,0.0,0.4345312892686604,0.0,0.0,0.04098927018018883,1.0,0.0,0.0,0.0,0.0,1.0,0.0
212,1.0,1.0,0.2711736617240512,0.0,0.0,0.014151057562208049,1.0,0.0,0.0,1.0,0.0,0.0,0.0
213,0.5,1.0,0.37170143252073384,0.0,0.0,0.025374310111545468,1.0,0.0,0.0,1.0,0.0,0.0,0.0
214,1.0,1.0,0.36792055349407915,0.125,0.0,0.015126992566498259,0.0,0.0,0.1,1.0,0.0,0.0,0.0
215,0.0,0.0,0.38426740387031916,0.125,0.0,0.22109807522194713,0.0,1.0,0.1,0.0,0.0,1.0,0.0
216,1.0,0.0,0.33400351847197784,0.0,0.0,0.015468569817999833,1.0,0.0,0.0,0.0,0.0,1.0,0.0
217,0.5,1.0,0.5224930887157577,0.125,0.0,0.05270049023167135,1.0,0.0,0.1,1.0,0.0,0.0,0.0
218,0.0,0.0,0.39683337521990447,0.0,0.0,0.14891148113361488,0.0,1.0,0.0,0.0,0.0,1.0,0.0
219,0.5,1.0,0.37170143252073384,0.0,0.0,0.020494635090094415,1.0,0.0,0.0,1.0,0.0,0.0,0.0
220,1.0,1.0,0.19577783362653933,0.0,0.0,0.015712553569072387,1.0,0.0,0.0,1.0,0.0,0.0,0.0
221,0.5,1.0,0.33400351847197784,0.0,0.0,0.025374310111545468,1.0,0.0,0.0,1.0,0.0,0.0,0.0
222,1.0,1.0,0.6355868308620256,0.0,0.0,0.015712553569072387,1.0,0.0,0.0,1.0,0.0,0.0,0.0
223,1.0,1.0,0.36792055349407915,0.0,0.0,0.015411575213749286,1.0,0.0,0.0,1.0,0.0,0.0,0.0
224,0.0,1.0,0.4722292033174164,0.125,0.0,0.17566830077223786,1.0,0.0,0.1,1.0,0.0,0.0,0.0
225,1.0,1.0,0.2711736617240512,0.0,0.0,0.018249984580226933,1.0,0.0,0.0,1.0,0.0,0.0,0.0
226,0.5,1.0,0.2334757476752953,0.0,0.0,0.020494635090094415,1.0,0.0,0.0,1.0,0.0,0.0,0.0
227,1.0,1.0,0.2523247046996733,0.0,0.0,0.014151057562208049,1.0,0.0,0.0,1.0,0.0,0.0,0.0
228,0.5,1.0,0.22090977632571,0.0,0.0,0.025374310111545468,1.0,0.0,0.0,1.0,0.0,0.0,0.0
229,1.0,0.0,0.36792055349407915,0.375,0.16666666666666666,0.049707687947515,1.0,0.0,0.4,0.0,0.0,1.0,0.0
230,0.0,0.0,0.4345312892686604,0.125,0.0,0.16293234896625058,1.0,0.0,0.1,0.0,1.0,0.0,0.0
231,1.0,1.0,0.35913546117114853,0.0,0.0,0.015175789316712771,1.0,0.0,0.0,1.0,0.0,0.0,0.0
232,0.5,1.0,0.7361146016587082,0.0,0.0,0.026350245115835676,1.0,0.0,0.0,1.0,0.0,0.0,0.0
233,1.0,0.0,0.05755214878110078,0.5,0.3333333333333333,0.06126431989431795,1.0,0.0,0.6000000000000001,0.0,0.0,1.0,0.0
234,0.5,1.0,0.2963056044232219,0.0,0.0,0.020494635090094415,1.0,0.0,0.0,1.0,0.0,0.0,0.0
235,1.0,0.0,0.36792055349407915,0.0,0.0,0.014736618564782174,1.0,0.0,0.0,0.0,0.0,1.0,0.0
236,0.5,1.0,0.5476250314149284,0.125,0.0,0.050748620223090936,1.0,0.0,0.1,1.0,0.0,0.0,0.0
237,0.5,0.0,0.09525006282985675,0.0,0.3333333333333333,0.05123658772523604,1.0,0.0,0.20000000000000004,0.0,0.0,1.0,0.0
238,0.5,1.0,0.2334757476752953,0.0,0.0,0.020494635090094415,1.0,0.0,0.0,1.0,0.0,0.0,0.0
239,0.5,1.0,0.4093993465694898,0.0,0.0,0.023959204355324663,1.0,0.0,0.0,1.0,0.0,0.0,0.0
240,1.0,0.0,0.36792055349407915,0.125,0.0,0.028212719478023115,0.0,1.0,0.1,0.0,0.0,1.0,0.0
241,1.0,0.0,0.36792055349407915,0.125,0.0,0.030253985132996517,0.0,0.0,0.1,0.0,0.0,1.0,0.0
242,0.5,1.0,0.35913546117114853,0.0,0.0,0.020494635090094415,1.0,0.0,0.0,1.0,0.0,0.0,0.0
243,1.0,1.0,0.2711736617240512,0.0,0.0,0.013907073811135496,1.0,0.0,0.0,1.0,0.0,0.0,0.0
244,1.0,1.0,0.37170143252073384,0.0,0.0,0.014102260811993537,0.0,1.0,0.0,1.0,0.0,0.0,0.0
245,0.0,1.0,0.5476250314149284,0.25,0.0,0.17566830077223786,0.0,0.0,0.20000000000000004,0.0,0.0,0.0,0.0
246,1.0,0.0,0.3088715757728072,0.0,0.0,0.015175789316712771,1.0,0.0,0.0,0.0,0.0,1.0,0.0
247,0.5,0.0,0.2963056044232219,0.0,0.3333333333333333,0.028302115124416098,1.0,0.0,0.20000000000000004,0.0,1.0,0.0,0.0
248,0.0,1.0,0.4596632319678311,0.125,0.16666666666666666,0.10257896680493714,1.0,0.0,0.20000000000000004,1.0,0.0,0.0,0.0
249,0.5,1.0,0.6732847449107816,0.125,0.0,0.050748620223090936,1.0,0.0,0.1,0.0,0.0,0.0,0.0
250,1.0,1.0,0.36792055349407915,0.0,0.0,0.014151057562208049,1.0,0.0,0.0,1.0,0.0,0.0,0.0
251,1.0,0.0,0.35913546117114853,0.125,0.16666666666666666,0.02042143996477265,1.0,0.0,0.20000000000000004,0.0,1.0,0.0,0.0
252,0.0,1.0,0.7738125157074642,0.0,0.0,0.051822148727810165,1.0,0.0,0.0,1.0,0.0,0.0,0.0
253,1.0,1.0,0.37170143252073384,0.125,0.0,0.031425107138144774,1.0,0.0,0.1,1.0,0.0,0.0,0.0
254,1.0,0.0,0.5099271173661725,0.0,0.3333333333333333,0.039452172548431745,1.0,0.0,0.20000000000000004,0.0,1.0,0.0,0.0
255,1.0,0.0,0.35913546117114853,0.0,0.3333333333333333,0.029757819776815374,0.0,1.0,0.20000000000000004,0.0,1.0,0.0,0.0
256,0.0,0.0,0.36792055349407915,0.0,0.0,0.15458810467956932,0.0,1.0,0.0,0.0,1.0,0.0,0.0
257,0.0,0.0,0.37170143252073384,0.0,0.0,0.16883675574220638,1.0,0.0,0.0,0.0,0.0,1.0,0.0
258,0.0,0.0,0.4345312892686604,0.0,0.0,1.0,0.0,1.0,0.0,0.0,0.0,1.0,0.0
259,0.5,0.0,0.6230208595124404,0.0,0.16666666666666666,0.050748620223090936,1.0,0.0,0.1,0.0,1.0,0.0,0.0
260,1.0,1.0,0.36792055349407915,0.0,0.0,0.015126992566498259,0.0,0.0,0.0,1.0,0.0,0.0,0.0
261,1.0,1.0,0.032420206081930136,0.5,0.3333333333333333,0.06126431989431795,1.0,0.0,0.6000000000000001,0.0,0.0,0.0,1.0
262,0.0,1.0,0.648152802211611,0.125,0.16666666666666666,0.1554664461834305,1.0,0.0,0.20000000000000004,1.0,0.0,0.0,0.0
263,0.0,1.0,0.49736114601658704,0.0,0.0,0.0,1.0,0.0,0.0,1.0,0.0,0.0,0.0
264,1.0,0.0,0.36792055349407915,0.0,0.0,0.015126992566498259,0.0,0.0,0.0,0.0,0.0,1.0,0.0
265,0.5,1.0,0.4470972606182458,0.0,0.0,0.020494635090094415,1.0,0.0,0.0,1.0,0.0,0.0,0.0
266,1.0,1.0,0.19577783362653933,0.5,0.16666666666666666,0.07746484096553544,1.0,0.0,0.5000000000000001,1.0,0.0,0.0,0.0
267,1.0,1.0,0.3088715757728072,0.125,0.0,0.015175789316712771,1.0,0.0,0.1,1.0,0.0,0.0,0.0
268,0.0,0.0,0.723548630309123,0.0,0.16666666666666666,0.2995388511917728,1.0,0.0,0.1,0.0,1.0,0.0,0.0
269,0.0,0.0,0.4345312892686604,0.0,0.0,0.2647385704347907,1.0,0.0,0.0,0.0,0.0,1.0,0.0
270,0.0,1.0,0.36792055349407915,0.0,0.0,0.060507970265993034,1.0,0.0,0.0,1.0,0.0,0.0,0.0
271,1.0,1.0,0.3088715757728072,0.0,0.0,0.0,1.0,0.0,0.0,1.0,0.0,0.0,0.0
272,0.5,0.0,0.5099271173661725,0.0,0.16666666666666666,0.038061465167318204,1.0,0.0,0.1,0.0,1.0,0.0,0.0
273,0.0,1.0,0.4596632319678311,0.0,0.16666666666666666,0.057970539254838485,0.0,1.0,0.1,1.0,0.0,0.0,0.0
274,1.0,0.0,0.36792055349407915,0.0,0.0,0.015126992566498259,0.0,0.0,0.0,0.0,0.0,1.0,0.0
275,0.0,0.0,0.7863784870570495,0.125,0.0,0.15216446768991498,1.0,0.0,0.1,0.0,0.0,1.0,0.0
276,1.0,0.0,0.5601910027645137,0.0,0.0,0.015126992566498259,1.0,0.0,0.0,0.0,0.0,1.0,0.0
277,0.5,1.0,0.36792055349407915,0.0,0.0,0.0,1.0,0.0,0.0,1.0,0.0,0.0,0.0
278,1.0,1.0,0.08268409148027142,0.5,0.16666666666666666,0.05684821399990475,0.0,0.0,0.5000000000000001,0.0,0.0,0.0,1.0
279,1.0,0.0,0.4345312892686604,0.125,0.16666666666666666,0.03952536767375352,1.0,0.0,0.20000000000000004,0.0,1.0,0.0,0.0
280,1.0,1.0,0.8115104297562202,0.0,0.0,0.015126992566498259,0.0,0.0,0.0,1.0,0.0,0.0,0.0
281,1.0,1.0,0.34656948982156316,0.0,0.0,0.015330377421392339,1.0,0.0,0.0,1.0,0.0,0.0,0.0
282,1.0,1.0,0.19577783362653933,0.0,0.0,0.018542765081513996,1.0,0.0,0.0,1.0,0.0,0.0,0.0
283,1.0,1.0,0.2334757476752953,0.0,0.0,0.015712553569072387,1.0,0.0,0.0,1.0,0.0,0.0,0.0
284,0.0,1.0,0.36792055349407915,0.0,0.0,0.050748620223090936,1.0,0.0,0.0,1.0,0.0,0.0,0.0
285,1.0,1.0,0.4093993465694898,0.0,0.0,0.016908073949327893,0.0,1.0,0.0,1.0,0.0,0.0,0.0
286,1.0,1.0,0.37170143252073384,0.0,0.0,0.018542765081513996,1.0,0.0,0.0,1.0,0.0,0.0,0.0
287,1.0,1.0,0.2711736617240512,0.0,0.0,0.015411575213749286,1.0,0.0,0.0,1.0,0.0,0.0,0.0
288,0.5,1.0,0.5224930887157577,0.0,0.0,0.025374310111545468,1.0,0.0,0.0,1.0,0.0,0.0,0.0
289,1.0,0.0,0.2711736617240512,0.0,0.0,0.015126992566498259,0.0,0.0,0.0,0.0,0.0,1.0,0.0
290,0.0,0.0,0.32143754712239253,0.0,0.0,0.15390495017656614,1.0,0.0,0.0,0.0,0.0,1.0,0.0
291,0.0,0.0,0.2334757476752953,0.125,0.0,0.17777475888549785,0.0,1.0,0.1,0.0,1.0,0.0,0.0
292,0.5,1.0,0.4470972606182458,0.0,0.0,0.025130326360472913,0.0,1.0,0.0,1.0,0.0,0.0,0.0
293,1.0,0.0,0.2963056044232219,0.0,0.0,0.01727404957593672,1.0,0.0,0.0,0.0,0.0,1.0,0.0
294,1.0,1.0,0.2963056044232219,0.0,0.0,0.015411575213749286,1.0,0.0,0.0,1.0,0.0,0.0,0.0
295,0.0,1.0,0.36792055349407915,0.0,0.0,0.05410739813385612,0.0,1.0,0.0,1.0,0.0,0.0,0.0
296,1.0,1.0,0.2900226187484292,0.0,0.0,0.014110458666029575,0.0,1.0,0.0,1.0,0.0,0.0,0.0
297,0.0,0.0,0.01985423473234481,0.125,0.3333333333333333,0.29580589980036276,1.0,0.0,0.30000000000000004,0.0,0.0,1.0,0.0
298,0.0,1.0,0.36792055349407915,0.0,0.0,0.05953203526170282,1.0,0.0,0.0,1.0,0.0,0.0,0.0
299,0.0,0.0,0.6230208595124404,0.0,0.16666666666666666,0.4831284260198326,0.0,1.0,0.1,0.0,1.0,0.0,0.0
300,1.0,0.0,0.36792055349407915,0.0,0.0,0.015126992566498259,0.0,0.0,0.0,0.0,0.0,1.0,0.0
301,1.0,1.0,0.36792055349407915,0.25,0.0,0.04538097769949478,0.0,0.0,0.20000000000000004,1.0,0.0,0.0,0.0
302,1.0,1.0,0.2334757476752953,0.0,0.0,0.0,1.0,0.0,0.0,1.0,0.0,0.0,0.0
303,0.5,0.0,0.36792055349407915,0.0,0.0,0.024105594605968193,0.0,0.0,0.0,0.0,0.0,1.0,0.0
304,1.0,1.0,0.36792055349407915,0.0,0.0,0.015712553569072387,1.0,0.0,0.0,1.0,0.0,0.0,0.0
305,0.0,1.0,0.006282985674792663,0.125,0.3333333333333333,0.29580589980036276,1.0,0.0,0.30000000000000004,0.0,0.0,0.0,1.0
306,0.0,0.0,0.36792055349407915,0.0,0.0,0.21642978772242535,0.0,1.0,0.0,0.0,0.0,1.0,0.0
307,0.0,0.0,0.20834380497612465,0.125,0.0,0.2125586439344078,0.0,1.0,0.1,0.0,1.0,0.0,0.0
308,0.5,1.0,0.37170143252073384,0.125,0.0,0.04684488020593009,0.0,1.0,0.1,1.0,0.0,0.0,0.0
309,0.0,0.0,0.37170143252073384,0.0,0.0,0.11111839809247648,0.0,1.0,0.0,0.0,0.0,1.0,0.0
310,0.0,0.0,0.2963056044232219,0.0,0.0,0.16231419173453318,0.0,1.0,0.0,0.0,0.0,1.0,0.0
311,0.0,0.0,0.22090977632571,0.25,0.3333333333333333,0.5121218935012878,0.0,1.0,0.4,0.0,0.0,1.0,0.0
312,0.5,0.0,0.32143754712239253,0.125,0.16666666666666666,0.050748620223090936,1.0,0.0,0.20000000000000004,0.0,1.0,0.0,0.0
313,1.0,1.0,0.34656948982156316,0.0,0.0,0.015411575213749286,1.0,0.0,0.0,1.0,0.0,0.0,0.0
314,0.5,1.0,0.5350590600653431,0.125,0.16666666666666666,0.05123658772523604,1.0,0.0,0.20000000000000004,1.0,0.0,0.0,0.0
315,1.0,0.0,0.32143754712239253,0.0,0.0,0.015330377421392339,1.0,0.0,0.0,0.0,0.0,1.0,0.0
316,0.5,0.0,0.2963056044232219,0.125,0.0,0.050748620223090936,1.0,0.0,0.1,0.0,1.0,0.0,0.0
317,0.5,1.0,0.6732847449107816,0.0,0.0,0.027326180120125887,1.0,0.0,0.0,0.0,0.0,0.0,0.0
318,0.0,0.0,0.38426740387031916,0.0,0.3333333333333333,0.32179836714362564,1.0,0.0,0.20000000000000004,0.0,0.0,1.0,0.0
319,0.0,0.0,0.49736114601658704,0.125,0.16666666666666666,0.2625265161540666,0.0,1.0,0.20000000000000004,0.0,1.0,0.0,0.0
320,1.0,1.0,0.2711736617240512,0.0,0.0,0.014151057562208049,1.0,0.0,0.0,1.0,0.0,0.0,0.0
321,1.0,1.0,0.33400351847197784,0.0,0.0,0.015411575213749286,1.0,0.0,0.0,1.0,0.0,0.0,0.0
322,0.5,0.0,0.37170143252073384,0.0,0.0,0.024105594605968193,0.0,0.0,0.0,0.0,0.0,1.0,0.0
323,0.5,0.0,0.2711736617240512,0.125,0.16666666666666666,0.056604230248832196,1.0,0.0,0.20000000000000004,0.0,1.0,0.0,0.0
324,1.0,1.0,0.36792055349407915,1.0,0.3333333333333333,0.13575255909676825,1.0,0.0,1.0,1.0,0.0,0.0,0.0
325,0.0,0.0,0.4470972606182458,0.0,0.0,0.2647385704347907,0.0,1.0,0.0,0.0,0.0,1.0,0.0
326,1.0,1.0,0.7612465443578789,0.0,0.0,0.012174789178520372,1.0,0.0,0.0,1.0,0.0,0.0,0.0
327,0.5,0.0,0.4470972606182458,0.0,0.0,0.025374310111545468,1.0,0.0,0.0,0.0,1.0,0.0,0.0
328,1.0,0.0,0.38426740387031916,0.125,0.16666666666666666,0.04006213192611313,1.0,0.0,0.20000000000000004,0.0,1.0,0.0,0.0
329,0.0,0.0,0.19577783362653933,0.0,0.16666666666666666,0.11316786160148591,0.0,1.0,0.1,0.0,0.0,1.0,0.0
330,1.0,0.0,0.36792055349407915,0.25,0.0,0.04538097769949478,0.0,0.0,0.20000000000000004,0.0,0.0,1.0,0.0
331,0.0,1.0,0.5664739884393064,0.0,0.0,0.055628295244541985,1.0,0.0,0.0,1.0,0.0,0.0,0.0
332,0.0,1.0,0.4722292033174164,0.0,0.16666666666666666,0.2995388511917728,1.0,0.0,0.1,1.0,0.0,0.0,0.0
333,1.0,1.0,0.19577783362653933,0.25,0.0,0.03513366015444757,1.0,0.0,0.20000000000000004,1.0,0.0,0.0,0.0
334,0.0,0.0,0.36792055349407915,0.125,0.0,0.2608674266467732,1.0,0.0,0.1,0.0,1.0,0.0,0.0
335,1.0,1.0,0.36792055349407915,0.0,0.0,0.015411575213749286,1.0,0.0,0.0,1.0,0.0,0.0,0.0
336,0.0,1.0,0.35913546117114853,0.125,0.0,0.12999454257145598,1.0,0.0,0.1,1.0,0.0,0.0,0.0
337,0.0,0.0,0.5099271173661725,0.0,0.0,0.2625265161540666,0.0,1.0,0.0,0.0,0.0,1.0,0.0
338,1.0,1.0,0.5601910027645137,0.0,0.0,0.015712553569072387,1.0,0.0,0.0,1.0,0.0,0.0,0.0
339,0.0,1.0,0.5601910027645137,0.0,0.0,0.06929138530460494,1.0,0.0,0.0,1.0,0.0,0.0,0.0
340,0.5,1.0,0.01985423473234481,0.125,0.16666666666666666,0.050748620223090936,1.0,0.0,0.20000000000000004,0.0,0.0,0.0,1.0
341,0.0,0.0,0.2963056044232219,0.375,0.3333333333333333,0.5133418122566507,1.0,0.0,0.5000000000000001,0.0,0.0,1.0,0.0
342,0.5,1.0,0.34656948982156316,0.0,0.0,0.025374310111545468,1.0,0.0,0.0,1.0,0.0,0.0,0.0
343,0.5,1.0,0.3088715757728072,0.0,0.0,0.025374310111545468,1.0,0.0,0.0,1.0,0.0,0.0,0.0
344,0.5,1.0,0.4470972606182458,0.0,0.0,0.025374310111545468,1.0,0.0,0.0,1.0,0.0,0.0,0.0
345,0.5,0.0,0.2963056044232219,0.0,0.0,0.025374310111545468,1.0,0.0,0.0,0.0,0.0,1.0,0.0
346,0.5,0.0,0.49736114601658704,0.0,0.0,0.025374310111545468,1.0,0.0,0.0,0.0,0.0,1.0,0.0
347,1.0,0.0,0.36792055349407915,0.125,0.0,0.031425107138144774,1.0,0.0,0.1,0.0,1.0,0.0,0.0
348,1.0,1.0,0.032420206081930136,0.125,0.16666666666666666,0.031034733136428686,1.0,0.0,0.20000000000000004,0.0,0.0,0.0,1.0
349,1.0,1.0,0.5224930887157577,0.0,0.0,0.016908073949327893,1.0,0.0,0.0,1.0,0.0,0.0,0.0
350,1.0,1.0,0.2837396330736366,0.0,0.0,0.01800600082915438,1.0,0.0,0.0,1.0,0.0,0.0,0.0
351,0.0,1.0,0.36792055349407915,0.0,0.0,0.06831545030031472,1.0,0.0,0.0,1.0,0.0,0.0,0.0
352,1.0,1.0,0.18321186227695402,0.125,0.16666666666666666,0.014110458666029575,0.0,1.0,0.20000000000000004,1.0,0.0,0.0,0.0
353,1.0,1.0,0.3088715757728072,0.125,0.0,0.034743286152731485,1.0,0.0,0.1,1.0,0.0,0.0,0.0
354,1.0,1.0,0.36792055349407915,0.0,0.0,0.014102260811993537,0.0,1.0,0.0,1.0,0.0,0.0,0.0
355,1.0,1.0,0.34656948982156316,0.0,0.0,0.018542765081513996,1.0,0.0,0.0,1.0,0.0,0.0,0.0
356,0.0,0.0,0.2711736617240512,0.0,0.16666666666666666,0.10735285047192313,1.0,0.0,0.1,0.0,0.0,1.0,0.0
357,0.5,0.0,0.4722292033174164,0.0,0.0,0.025374310111545468,1.0,0.0,0.0,0.0,0.0,1.0,0.0
358,1.0,0.0,0.36792055349407915,0.0,0.0,0.01537917417160685,0.0,0.0,0.0,0.0,0.0,1.0,0.0
359,1.0,0.0,0.36792055349407915,0.0,0.0,0.01537917417160685,0.0,0.0,0.0,0.0,0.0,1.0,0.0
360,1.0,1.0,0.49736114601658704,0.125,0.6666666666666666,0.05445717323939373,1.0,0.0,0.5000000000000001,1.0,0.0,0.0,0.0
361,0.5,1.0,0.35913546117114853,0.125,0.0,0.05410739813385612,0.0,1.0,0.1,1.0,0.0,0.0,0.0
362,1.0,0.0,0.5601910027645137,0.0,0.16666666666666666,0.028212719478023115,0.0,1.0,0.1,0.0,1.0,0.0,0.0
363,1.0,1.0,0.4345312892686604,0.0,0.0,0.013760683560491965,1.0,0.0,0.0,1.0,0.0,0.0,0.0
364,1.0,1.0,0.36792055349407915,0.125,0.0,0.030253985132996517,0.0,0.0,0.1,1.0,0.0,0.0,0.0
365,1.0,1.0,0.37170143252073384,0.0,0.0,0.014151057562208049,1.0,0.0,0.0,1.0,0.0,0.0,0.0
366,0.0,0.0,0.7486805730082936,0.125,0.0,0.14687821814567664,0.0,1.0,0.1,0.0,1.0,0.0,0.0
367,1.0,0.0,0.36792055349407915,0.0,0.0,0.014110458666029575,0.0,1.0,0.0,0.0,1.0,0.0,0.0
368,1.0,0.0,0.36792055349407915,0.0,0.0,0.015126992566498259,0.0,0.0,0.0,0.0,0.0,1.0,0.0
369,0.0,0.0,0.2963056044232219,0.0,0.0,0.13526459159462315,0.0,1.0,0.0,0.0,1.0,0.0,0.0
370,0.0,1.0,0.3088715757728072,0.125,0.0,0.1082149914547131,0.0,1.0,0.1,1.0,0.0,0.0,0.0
371,1.0,1.0,0.22090977632571,0.125,0.0,0.012678957201736696,1.0,0.0,0.1,1.0,0.0,0.0,0.0
372,1.0,1.0,0.2334757476752953,0.0,0.0,0.015712553569072387,1.0,0.0,0.0,1.0,0.0,0.0,0.0
373,0.0,1.0,0.2711736617240512,0.0,0.0,0.2647385704347907,0.0,1.0,0.0,1.0,0.0,0.0,0.0
374,1.0,0.0,0.032420206081930136,0.375,0.16666666666666666,0.04113566043083236,1.0,0.0,0.4,0.0,0.0,1.0,0.0
375,0.0,0.0,0.36792055349407915,0.125,0.0,0.16038672010106003,0.0,1.0,0.1,0.0,1.0,0.0,0.0
376,1.0,0.0,0.2711736617240512,0.0,0.0,0.014151057562208049,1.0,0.0,0.0,0.0,0.0,1.0,0.0
377,0.0,1.0,0.33400351847197784,0.0,0.3333333333333333,0.41282050681475896,0.0,1.0,0.20000000000000004,1.0,0.0,0.0,0.0
378,1.0,1.0,0.24604171902488062,0.0,0.0,0.007831878409428937,0.0,1.0,0.0,1.0,0.0,0.0,0.0
379,1.0,1.0,0.2334757476752953,0.0,0.0,0.015175789316712771,1.0,0.0,0.0,1.0,0.0,0.0,0.0
380,0.0,0.0,0.5224930887157577,0.0,0.0,0.4440992237022602,0.0,1.0,0.0,0.0,0.0,1.0,0.0
381,1.0,0.0,0.007288263382759488,0.0,0.3333333333333333,0.030725752114070404,0.0,1.0,0.20000000000000004,0.0,0.0,1.0,0.0
382,1.0,1.0,0.39683337521990447,0.0,0.0,0.015468569817999833,1.0,0.0,0.0,1.0,0.0,0.0,0.0
383,0.0,0.0,0.4345312892686604,0.125,0.0,0.10149724044618187,1.0,0.0,0.1,0.0,1.0,0.0,0.0
384,1.0,1.0,0.36792055349407915,0.0,0.0,0.015411575213749286,1.0,0.0,0.0,1.0,0.0,0.0,0.0
385,0.5,1.0,0.22090977632571,0.0,0.0,0.1434624456306609,1.0,0.0,0.0,1.0,0.0,0.0,0.0
386,1.0,1.0,0.007288263382759488,0.625,0.3333333333333333,0.09154270340242172,1.0,0.0,0.7000000000000001,0.0,0.0,0.0,1.0
387,0.5,0.0,0.4470972606182458,0.0,0.0,0.025374310111545468,1.0,0.0,0.0,0.0,0.0,1.0,0.0
388,1.0,1.0,0.36792055349407915,0.0,0.0,0.015086393670319786,0.0,0.0,0.0,1.0,0.0,0.0,0.0
389,0.5,0.0,0.20834380497612465,0.0,0.0,0.023422440102965045,0.0,1.0,0.0,0.0,0.0,1.0,0.0
390,0.0,1.0,0.4470972606182458,0.125,0.3333333333333333,0.23422440102965048,1.0,0.0,0.30000000000000004,1.0,0.0,0.0,0.0
391,1.0,1.0,0.2586076903744659,0.0,0.0,0.015216388212891242,1.0,0.0,0.0,1.0,0.0,0.0,0.0
392,1.0,1.0,0.34656948982156316,0.25,0.0,0.015468569817999833,1.0,0.0,0.20000000000000004,1.0,0.0,0.0,0.0
393,0.0,0.0,0.2837396330736366,0.125,0.0,0.22109807522194713,0.0,1.0,0.1,0.0,0.0,1.0,0.0
394,1.0,0.0,0.2963056044232219,0.0,0.3333333333333333,0.03259622914329302,1.0,0.0,0.20000000000000004,0.0,1.0,0.0,0.0
395,1.0,1.0,0.2711736617240512,0.0,0.0,0.015216388212891242,1.0,0.0,0.0,1.0,0.0,0.0,0.0
396,1.0,0.0,0.38426740387031916,0.0,0.0,0.015330377421392339,1.0,0.0,0.0,0.0,0.0,1.0,0.0
397,0.5,1.0,0.5727569741140991,0.0,0.0,0.050748620223090936,1.0,0.0,0.0,1.0,0.0,0.0,0.0
398,0.5,1.0,0.2837396330736366,0.0,0.0,0.020494635090094415,1.0,0.0,0.0,0.0,0.0,0.0,0.0
399,0.5,0.0,0.34656948982156316,0.0,0.0,0.02469115560854232,1.0,0.0,0.0,0.0,1.0,0.0,0.0
400,1.0,1.0,0.4847951746670017,0.0,0.0,0.015468569817999833,1.0,0.0,0.0,1.0,0.0,0.0,0.0
401,1.0,1.0,0.32143754712239253,0.0,0.0,0.015712553569072387,1.0,0.0,0.0,1.0,0.0,0.0,0.0
402,1.0,0.0,0.2586076903744659,0.125,0.0,0.019177122834302632,1.0,0.0,0.1,0.0,0.0,1.0,0.0
403,1.0,1.0,0.34656948982156316,0.125,0.0,0.030937139635999665,1.0,0.0,0.1,1.0,0.0,0.0,0.0
404,1.0,0.0,0.24604171902488062,0.0,0.0,0.016908073949327893,1.0,0.0,0.0,0.0,0.0,1.0,0.0
405,0.5,1.0,0.4219653179190751,0.125,0.0,0.04098927018018883,1.0,0.0,0.1,1.0,0.0,0.0,0.0
406,1.0,1.0,0.6355868308620256,0.0,0.0,0.015126992566498259,1.0,0.0,0.0,1.0,0.0,0.0,0.0
407,0.5,1.0,0.032420206081930136,0.125,0.16666666666666666,0.03659756266088288,1.0,0.0,0.20000000000000004,0.0,0.0,0.0,1.0
408,1.0,1.0,0.2586076903744659,0.0,0.0,0.015175789316712771,1.0,0.0,0.0,1.0,0.0,0.0,0.0
409,1.0,0.0,0.36792055349407915,0.375,0.16666666666666666,0.049707687947515,1.0,0.0,0.4,0.0,0.0,1.0,0.0
410,1.0,1.0,0.36792055349407915,0.0,0.0,0.015411575213749286,1.0,0.0,0.0,1.0,0.0,0.0,0.0
411,1.0,1.0,0.36792055349407915,0.0,0.0,0.013386510079847098,0.0,0.0,0.0,1.0,0.0,0.0,0.0
412,0.0,0.0,0.4093993465694898,0.125,0.0,0.17566830077223786,0.0,0.0,0.1,0.0,0.0,1.0,0.0
413,0.5,1.0,0.36792055349407915,0.0,0.0,0.0,1.0,0.0,0.0,1.0,0.0,0.0,0.0
414,1.0,1.0,0.5476250314149284,0.0,0.0,0.015468569817999833,1.0,0.0,0.0,1.0,0.0,0.0,0.0
415,1.0,0.0,0.36792055349407915,0.0,0.0,0.015712553569072387,1.0,0.0,0.0,0.0,1.0,0.0,0.0
416,0.5,0.0,0.4219653179190751,0.125,0.16666666666666666,0.06343577527886367,1.0,0.0,0.20000000000000004,0.0,1.0,0.0,0.0
417,0.5,0.0,0.22090977632571,0.0,0.3333333333333333,0.025374310111545468,1.0,0.0,0.20000000000000004,0.0,0.0,1.0,0.0
418,0.5,1.0,0.37170143252073384,0.0,0.0,0.025374310111545468,1.0,0.0,0.0,1.0,0.0,0.0,0.0
419,1.0,0.0,0.12038200552902739,0.0,0.3333333333333333,0.04713766070721715,1.0,0.0,0.20000000000000004,0.0,0.0,1.0,0.0
420,1.0,1.0,0.36792055349407915,0.0,0.0,0.015411575213749286,0.0,1.0,0.0,1.0,0.0,0.0,0.0
421,1.0,1.0,0.2586076903744659,0.0,0.0,0.015094396337354966,0.0,0.0,0.0,1.0,0.0,0.0,0.0
422,1.0,1.0,0.35913546117114853,0.0,0.0,0.015370976317570811,1.0,0.0,0.0,1.0,0.0,0.0,0.0
423,1.0,0.0,0.34656948982156316,0.125,0.16666666666666666,0.028106928123558056,1.0,0.0,0.20000000000000004,0.0,1.0,0.0,0.0
424,1.0,1.0,0.22090977632571,0.125,0.16666666666666666,0.039452172548431745,1.0,0.0,0.20000000000000004,1.0,0.0,0.0,0.0
425,1.0,1.0,0.36792055349407915,0.0,0.0,0.014151057562208049,1.0,0.0,0.0,1.0,0.0,0.0,0.0
426,0.5,0.0,0.34656948982156316,0.125,0.0,0.050748620223090936,1.0,0.0,0.1,0.0,1.0,0.0,0.0
427,0.5,0.0,0.2334757476752953,0.0,0.0,0.050748620223090936,1.0,0.0,0.0,0.0,0.0,1.0,0.0
428,1.0,1.0,0.36792055349407915,0.0,0.0,0.015126992566498259,0.0,0.0,0.0,1.0,0.0,0.0,0.0
429,1.0,1.0,0.39683337521990447,0.0,0.0,0.015712553569072387,1.0,0.0,0.0,1.0,0.0,0.0,0.0
430,0.0,1.0,0.34656948982156316,0.0,0.0,0.051822148727810165,1.0,0.0,0.0,1.0,0.0,0.0,0.0
431,1.0,0.0,0.36792055349407915,0.125,0.0,0.031425107138144774,1.0,0.0,0.1,0.0,1.0,0.0,0.0
432,0.5,0.0,0.5224930887157577,0.125,0.0,0.050748620223090936,1.0,0.0,0.1,0.0,1.0,0.0,0.0
433,1.0,1.0,0.20834380497612465,0.0,0.0,0.013907073811135496,1.0,0.0,0.0,1.0,0.0,0.0,0.0
434,0.0,1.0,0.6230208595124404,0.125,0.0,0.1091095334796455,1.0,0.0,0.1,1.0,0.0,0.0,0.0
435,0.0,0.0,0.17064589092736868,0.125,0.3333333333333333,0.23422440102965048,1.0,0.0,0.30000000000000004,0.0,0.0,1.0,0.0
436,1.0,0.0,0.2586076903744659,0.25,0.3333333333333333,0.06709553154495196,1.0,0.0,0.4,0.0,0.0,1.0,0.0
437,0.5,0.0,0.2963056044232219,0.25,0.5,0.03659756266088288,1.0,0.0,0.5000000000000001,0.0,1.0,0.0,0.0
438,0.0,1.0,0.7989444584066349,0.125,0.6666666666666666,0.5133418122566507,1.0,0.0,0.5000000000000001,1.0,0.0,0.0,0.0
439,0.5,1.0,0.38426740387031916,0.0,0.0,0.020494635090094415,1.0,0.0,0.0,1.0,0.0,0.0,0.0
440,0.5,0.0,0.5601910027645137,0.125,0.16666666666666666,0.05123658772523604,1.0,0.0,0.20000000000000004,0.0,1.0,0.0,0.0
441,1.0,1.0,0.24604171902488062,0.0,0.0,0.018542765081513996,1.0,0.0,0.0,1.0,0.0,0.0,0.0
442,1.0,1.0,0.3088715757728072,0.125,0.0,0.015175789316712771,1.0,0.0,0.1,1.0,0.0,0.0,0.0
443,0.5,0.0,0.34656948982156316,0.0,0.0,0.025374310111545468,1.0,0.0,0.0,0.0,0.0,1.0,0.0
444,1.0,1.0,0.36792055349407915,0.0,0.0,0.015834545444608664,1.0,0.0,0.0,1.0,0.0,0.0,0.0
445,0.0,1.0,0.04498617743151546,0.0,0.3333333333333333,0.15977676072337862,1.0,0.0,0.20000000000000004,0.0,0.0,0.0,1.0
446,0.5,0.0,0.15807991957778336,0.0,0.16666666666666666,0.038061465167318204,1.0,0.0,0.1,0.0,0.0,1.0,0.0
447,0.0,1.0,0.4219653179190751,0.0,0.0,0.051822148727810165,1.0,0.0,0.0,1.0,0.0,0.0,0.0
448,1.0,0.0,0.05755214878110078,0.25,0.16666666666666666,0.03758969818624431,0.0,1.0,0.30000000000000004,0.0,0.0,1.0,0.0
449,0.0,1.0,0.648152802211611,0.0,0.0,0.05953203526170282,1.0,0.0,0.0,0.0,0.0,0.0,0.0
450,0.5,1.0,0.4470972606182458,0.125,0.3333333333333333,0.05416439273810667,1.0,0.0,0.30000000000000004,1.0,0.0,0.0,0.0
451,1.0,1.0,0.36792055349407915,0.125,0.0,0.03897240290032268,1.0,0.0,0.1,1.0,0.0,0.0,0.0
452,0.0,1.0,0.37170143252073384,0.0,0.0,0.05416439273810667,0.0,1.0,0.0,1.0,0.0,0.0,0.0
453,0.0,1.0,0.610454888162855,0.125,0.0,0.17391981561855152,0.0,1.0,0.1,1.0,0.0,0.0,0.0
454,1.0,1.0,0.36792055349407915,0.0,0.0,0.015712553569072387,1.0,0.0,0.0,1.0,0.0,0.0,0.0
455,1.0,1.0,0.35913546117114853,0.0,0.0,0.015411575213749286,0.0,1.0,0.0,1.0,0.0,0.0,0.0
456,0.0,1.0,0.8115104297562202,0.0,0.0,0.051822148727810165,1.0,0.0,0.0,1.0,0.0,0.0,0.0
457,0.0,0.0,0.36792055349407915,0.125,0.0,0.10122885832000206,1.0,0.0,0.1,0.0,1.0,0.0,0.0
458,0.5,0.0,0.6230208595124404,0.0,0.0,0.020494635090094415,1.0,0.0,0.0,0.0,0.0,1.0,0.0
459,1.0,1.0,0.36792055349407915,0.0,0.0,0.015126992566498259,0.0,0.0,0.0,1.0,0.0,0.0,0.0
460,0.0,1.0,0.5978889168132697,0.0,0.0,0.051822148727810165,1.0,0.0,0.0,1.0,0.0,0.0,0.0
461,1.0,1.0,0.4219653179190751,0.0,0.0,0.015712553569072387,1.0,0.0,0.0,1.0,0.0,0.0,0.0
462,0.0,1.0,0.5853229454636844,0.0,0.0,0.07514699533034619,1.0,0.0,0.0,1.0,0.0,0.0,0.0
463,0.5,1.0,0.5978889168132697,0.0,0.0,0.025374310111545468,1.0,0.0,0.0,1.0,0.0,0.0,0.0
464,1.0,1.0,0.36792055349407915,0.0,0.0,0.015712553569072387,1.0,0.0,0.0,1.0,0.0,0.0,0.0
465,1.0,1.0,0.4722292033174164,0.0,0.0,0.013760683560491965,1.0,0.0,0.0,1.0,0.0,0.0,0.0
466,0.5,1.0,0.36792055349407915,0.0,0.0,0.0,1.0,0.0,0.0,1.0,0.0,0.0,0.0
467,0.0,1.0,0.6984166876099522,0.0,0.0,0.051822148727810165,1.0,0.0,0.0,1.0,0.0,0.0,0.0
468,1.0,1.0,0.36792055349407915,0.0,0.0,0.015078195816283748,0.0,0.0,0.0,1.0,0.0,0.0,0.0
469,1.0,0.0,0.0041467705453631576,0.25,0.16666666666666666,0.03758969818624431,0.0,1.0,0.30000000000000004,0.0,0.0,1.0,0.0
470,1.0,1.0,0.36792055349407915,0.0,0.0,0.014151057562208049,1.0,0.0,0.0,1.0,0.0,0.0,0.0
471,1.0,1.0,0.4722292033174164,0.0,0.0,0.016908073949327893,1.0,0.0,0.0,1.0,0.0,0.0,0.0
472,0.5,0.0,0.4093993465694898,0.125,0.3333333333333333,0.05416439273810667,1.0,0.0,0.30000000000000004,0.0,1.0,0.0,0.0
473,0.5,0.0,0.2837396330736366,0.0,0.0,0.026919605597338588,0.0,1.0,0.0,0.0,1.0,0.0,0.0
474,1.0,0.0,0.2711736617240512,0.0,0.0,0.019201521209409888,1.0,0.0,0.0,0.0,0.0,1.0,0.0
475,0.0,1.0,0.36792055349407915,0.0,0.0,0.10149724044618187,1.0,0.0,0.0,1.0,0.0,0.0,0.0
476,0.5,1.0,0.4219653179190751,0.125,0.0,0.04098927018018883,1.0,0.0,0.1,1.0,0.0,0.0,0.0
477,1.0,1.0,0.35913546117114853,0.125,0.0,0.013752485706455927,1.0,0.0,0.1,1.0,0.0,0.0,0.0
478,1.0,1.0,0.2711736617240512,0.0,0.0,0.014679623960531627,1.0,0.0,0.0,1.0,0.0,0.0,0.0
479,1.0,0.0,0.01985423473234481,0.0,0.16666666666666666,0.023983602730431916,1.0,0.0,0.1,0.0,0.0,1.0,0.0
480,1.0,1.0,0.10781603417944208,0.625,0.3333333333333333,0.09154270340242172,1.0,0.0,0.7000000000000001,0.0,0.0,0.0,1.0
481,0.5,1.0,0.36792055349407915,0.0,0.0,0.0,1.0,0.0,0.0,1.0,0.0,0.0,0.0
482,1.0,1.0,0.6230208595124404,0.0,0.0,0.015712553569072387,1.0,0.0,0.0,1.0,0.0,0.0,0.0
483,1.0,0.0,0.7863784870570495,0.0,0.0,0.018713553707264782,1.0,0.0,0.0,0.0,1.0,0.0,0.0
484,0.0,1.0,0.3088715757728072,0.125,0.0,0.17777475888549785,0.0,1.0,0.1,1.0,0.0,0.0,0.0
485,1.0,0.0,0.36792055349407915,0.375,0.16666666666666666,0.049707687947515,1.0,0.0,0.4,0.0,0.0,1.0,0.0
486,0.0,0.0,0.4345312892686604,0.125,0.0,0.17566830077223786,1.0,0.0,0.1,0.0,1.0,0.0,0.0
487,0.0,1.0,0.723548630309123,0.0,0.0,0.057970539254838485,0.0,1.0,0.0,1.0,0.0,0.0,0.0
488,1.0,1.0,0.37170143252073384,0.0,0.0,0.015712553569072387,1.0,0.0,0.0,1.0,0.0,0.0,0.0
489,1.0,1.0,0.10781603417944208,0.125,0.16666666666666666,0.031034733136428686,1.0,0.0,0.20000000000000004,0.0,0.0,0.0,1.0
490,1.0,1.0,0.36792055349407915,0.125,0.0,0.03897240290032268,1.0,0.0,0.1,1.0,0.0,0.0,0.0
491,1.0,1.0,0.2586076903744659,0.0,0.0,0.014151057562208049,1.0,0.0,0.0,1.0,0.0,0.0,0.0
492,0.0,1.0,0.685850716260367,0.0,0.0,0.05953203526170282,1.0,0.0,0.0,1.0,0.0,0.0,0.0
493,0.0,1.0,0.8869062578537321,0.0,0.0,0.09662576327876685,0.0,1.0,0.0,1.0,0.0,0.0,0.0
494,1.0,1.0,0.2586076903744659,0.0,0.0,0.015712553569072387,1.0,0.0,0.0,1.0,0.0,0.0,0.0
495,1.0,1.0,0.36792055349407915,0.0,0.0,0.028220722145058292,0.0,1.0,0.0,1.0,0.0,0.0,0.0
496,0.0,0.0,0.6732847449107816,0.125,0.0,0.1527664244005612,0.0,1.0,0.1,0.0,0.0,1.0,0.0
497,1.0,1.0,0.36792055349407915,0.0,0.0,0.029473237129564348,1.0,0.0,0.0,1.0,0.0,0.0,0.0
498,0.0,0.0,0.3088715757728072,0.125,0.3333333333333333,0.29580589980036276,1.0,0.0,0.30000000000000004,0.0,1.0,0.0,0.0
499,1.0,1.0,0.2963056044232219,0.0,0.0,0.015216388212891242,1.0,0.0,0.0,1.0,0.0,0.0,0.0
500,1.0,1.0,0.20834380497612465,0.0,0.0,0.016908073949327893,1.0,0.0,0.0,1.0,0.0,0.0,0.0
501,1.0,0.0,0.2586076903744659,0.0,0.0,0.015126992566498259,0.0,0.0,0.0,0.0,0.0,1.0,0.0
502,1.0,0.0,0.36792055349407915,0.0,0.0,0.014891206669461744,0.0,0.0,0.0,0.0,0.0,1.0,0.0
503,1.0,0.0,0.4596632319678311,0.0,0.0,0.018713553707264782,1.0,0.0,0.0,0.0,0.0,1.0,0.0
504,0.0,0.0,0.19577783362653933,0.0,0.0,0.16883675574220638,1.0,0.0,0.0,0.0,0.0,1.0,0.0
505,0.0,1.0,0.22090977632571,0.125,0.0,0.2125586439344078,0.0,1.0,0.1,1.0,0.0,0.0,0.0
506,0.5,0.0,0.4093993465694898,0.0,0.3333333333333333,0.050748620223090936,1.0,0.0,0.20000000000000004,0.0,1.0,0.0,0.0
507,0.0,1.0,0.36792055349407915,0.0,0.0,0.051822148727810165,1.0,0.0,0.0,1.0,0.0,0.0,0.0
508,1.0,1.0,0.34656948982156316,0.0,0.0,0.04396587194327397,1.0,0.0,0.0,1.0,0.0,0.0,0.0
509,1.0,1.0,0.32143754712239253,0.0,0.0,0.11027245763075773,1.0,0.0,0.0,1.0,0.0,0.0,0.0
510,1.0,1.0,0.35913546117114853,0.0,0.0,0.015126992566498259,0.0,0.0,0.0,1.0,0.0,0.0,0.0
511,1.0,1.0,0.36792055349407915,0.0,0.0,0.015712553569072387,1.0,0.0,0.0,1.0,0.0,0.0,0.0
512,0.0,1.0,0.4470972606182458,0.0,0.0,0.05130978285055781,1.0,0.0,0.0,1.0,0.0,0.0,0.0
513,0.0,0.0,0.6732847449107816,0.125,0.0,0.11594107850967697,0.0,1.0,0.1,0.0,1.0,0.0,0.0
514,1.0,1.0,0.2963056044232219,0.0,0.0,0.014630827210317117,1.0,0.0,0.0,1.0,0.0,0.0,0.0
515,0.0,1.0,0.5853229454636844,0.0,0.0,0.06640417918791278,1.0,0.0,0.0,1.0,0.0,0.0,0.0
516,0.5,0.0,0.4219653179190751,0.0,0.0,0.020494635090094415,1.0,0.0,0.0,0.0,1.0,0.0,0.0
517,1.0,1.0,0.36792055349407915,0.0,0.0,0.04713766070721715,0.0,0.0,0.0,1.0,0.0,0.0,0.0
518,0.5,0.0,0.4470972606182458,0.125,0.0,0.050748620223090936,1.0,0.0,0.1,0.0,1.0,0.0,0.0
519,1.0,1.0,0.39683337521990447,0.0,0.0,0.015411575213749286,1.0,0.0,0.0,1.0,0.0,0.0,0.0
520,0.0,0.0,0.37170143252073384,0.0,0.0,0.18249984580226933,1.0,0.0,0.0,0.0,0.0,1.0,0.0
521,1.0,1.0,0.2711736617240512,0.0,0.0,0.015411575213749286,1.0,0.0,0.0,1.0,0.0,0.0,0.0
522,1.0,1.0,0.36792055349407915,0.0,0.0,0.014102260811993537,0.0,1.0,0.0,1.0,0.0,0.0,0.0
523,0.0,0.0,0.5476250314149284,0.0,0.16666666666666666,0.11316786160148591,0.0,1.0,0.1,0.0,1.0,0.0,0.0
524,1.0,1.0,0.36792055349407915,0.0,0.0,0.014110458666029575,0.0,1.0,0.0,1.0,0.0,0.0,0.0
525,1.0,1.0,0.5036441316913798,0.0,0.0,0.015126992566498259,0.0,0.0,0.0,1.0,0.0,0.0,0.0
526,0.5,0.0,0.6230208595124404,0.0,0.0,0.020494635090094415,1.0,0.0,0.0,0.0,0.0,1.0,0.0
527,0.0,1.0,0.36792055349407915,0.0,0.0,0.4328841690069588,1.0,0.0,0.0,1.0,0.0,0.0,0.0
528,1.0,1.0,0.4847951746670017,0.0,0.0,0.015468569817999833,1.0,0.0,0.0,1.0,0.0,0.0,0.0
529,0.5,1.0,0.2837396330736366,0.25,0.16666666666666666,0.022446505098674838,1.0,0.0,0.30000000000000004,1.0,0.0,0.0,0.0
530,0.5,0.0,0.01985423473234481,0.125,0.16666666666666666,0.050748620223090936,1.0,0.0,0.20000000000000004,0.0,0.0,1.0,0.0
531,1.0,1.0,0.36792055349407915,0.0,0.0,0.014110458666029575,0.0,1.0,0.0,1.0,0.0,0.0,0.0
532,1.0,1.0,0.20834380497612465,0.125,0.16666666666666666,0.014110458666029575,0.0,1.0,0.20000000000000004,1.0,0.0,0.0,0.0
533,1.0,0.0,0.36792055349407915,0.0,0.3333333333333333,0.04364049521284362,0.0,1.0,0.20000000000000004,0.0,1.0,0.0,0.0
534,1.0,0.0,0.37170143252073384,0.0,0.0,0.016908073949327893,1.0,0.0,0.0,0.0,0.0,1.0,0.0
535,0.5,0.0,0.08268409148027142,0.0,0.3333333333333333,0.05123658772523604,1.0,0.0,0.20000000000000004,0.0,0.0,1.0,0.0
536,0.0,1.0,0.5601910027645137,0.0,0.0,0.051822148727810165,1.0,0.0,0.0,0.0,0.0,0.0,0.0
537,0.0,0.0,0.37170143252073384,0.0,0.0,0.20772776566317125,0.0,1.0,0.0,0.0,0.0,1.0,0.0
538,1.0,1.0,0.36792055349407915,0.0,0.0,0.028302115124416098,1.0,0.0,0.0,1.0,0.0,0.0,0.0
539,0.0,0.0,0.2711736617240512,0.0,0.3333333333333333,0.09661756542473082,0.0,1.0,0.20000000000000004,0.0,0.0,1.0,0.0
540,0.0,0.0,0.4470972606182458,0.0,0.3333333333333333,0.13858277060920987,1.0,0.0,0.20000000000000004,0.0,0.0,1.0,0.0
541,1.0,0.0,0.10781603417944208,0.5,0.3333333333333333,0.06104473451835265,1.0,0.0,0.6000000000000001,0.0,0.0,1.0,0.0
542,1.0,0.0,0.1329479768786127,0.5,0.3333333333333333,0.06104473451835265,1.0,0.0,0.6000000000000001,0.0,0.0,1.0,0.0
543,0.5,1.0,0.39683337521990447,0.125,0.0,0.050748620223090936,1.0,0.0,0.1,1.0,0.0,0.0,0.0
544,0.0,1.0,0.6230208595124404,0.125,0.0,0.20772776566317125,0.0,1.0,0.1,1.0,0.0,0.0,0.0
545,0.0,1.0,0.7989444584066349,0.0,0.0,0.050748620223090936,1.0,0.0,0.0,1.0,0.0,0.0,0.0
546,0.5,0.0,0.2334757476752953,0.125,0.0,0.050748620223090936,1.0,0.0,0.1,0.0,1.0,0.0,0.0
547,0.5,1.0,0.36792055349407915,0.0,0.0,0.02705779799394608,0.0,1.0,0.0,1.0,0.0,0.0,0.0
548,1.0,1.0,0.4093993465694898,0.125,0.16666666666666666,0.04006213192611313,1.0,0.0,0.20000000000000004,1.0,0.0,0.0,0.0
549,0.5,1.0,0.09525006282985675,0.125,0.16666666666666666,0.07173122281533045,1.0,0.0,0.20000000000000004,0.0,0.0,0.0,1.0
550,0.0,1.0,0.20834380497612465,0.0,0.3333333333333333,0.21642978772242535,0.0,1.0,0.20000000000000004,1.0,0.0,0.0,0.0
551,0.5,1.0,0.33400351847197784,0.0,0.0,0.050748620223090936,1.0,0.0,0.0,1.0,0.0,0.0,0.0
552,1.0,1.0,0.36792055349407915,0.0,0.0,0.015281580671177828,0.0,0.0,0.0,1.0,0.0,0.0,0.0
553,1.0,1.0,0.2711736617240512,0.0,0.0,0.014102260811993537,0.0,1.0,0.0,1.0,0.0,0.0,0.0
554,1.0,0.0,0.2711736617240512,0.0,0.0,0.015175789316712771,1.0,0.0,0.0,0.0,0.0,1.0,0.0
555,0.0,1.0,0.7738125157074642,0.0,0.0,0.051822148727810165,1.0,0.0,0.0,1.0,0.0,0.0,0.0
556,0.0,0.0,0.5978889168132697,0.125,0.0,0.07729405233978466,0.0,1.0,0.1,0.0,0.0,0.0,0.0
557,0.0,1.0,0.36792055349407915,0.0,0.0,0.4440992237022602,0.0,1.0,0.0,1.0,0.0,0.0,0.0
558,0.0,0.0,0.4847951746670017,0.125,0.16666666666666666,0.1554664461834305,1.0,0.0,0.20000000000000004,0.0,1.0,0.0,0.0
559,1.0,0.0,0.4470972606182458,0.125,0.0,0.033962538149299316,1.0,0.0,0.1,0.0,1.0,0.0,0.0
560,1.0,1.0,0.36792055349407915,0.0,0.0,0.015126992566498259,0.0,0.0,0.0,1.0,0.0,0.0,0.0
561,1.0,1.0,0.49736114601658704,0.0,0.0,0.015411575213749286,1.0,0.0,0.0,1.0,0.0,0.0,0.0
562,0.5,1.0,0.34656948982156316,0.0,0.0,0.026350245115835676,1.0,0.0,0.0,1.0,0.0,0.0,0.0
563,1.0,1.0,0.36792055349407915,0.0,0.0,0.015712553569072387,1.0,0.0,0.0,1.0,0.0,0.0,0.0
564,1.0,0.0,0.36792055349407915,0.0,0.0,0.015712553569072387,1.0,0.0,0.0,0.0,0.0,1.0,0.0
565,1.0,1.0,0.2963056044232219,0.25,0.0,0.04713766070721715,1.0,0.0,0.20000000000000004,1.0,0.0,0.0,0.0
566,1.0,1.0,0.2334757476752953,0.0,0.0,0.015411575213749286,1.0,0.0,0.0,1.0,0.0,0.0,0.0
567,1.0,0.0,0.35913546117114853,0.0,0.6666666666666666,0.04113566043083236,1.0,0.0,0.4,0.0,1.0,0.0,0.0
568,1.0,1.0,0.36792055349407915,0.0,0.0,0.014110458666029575,0.0,1.0,0.0,1.0,0.0,0.0,0.0
569,1.0,1.0,0.39683337521990447,0.0,0.0,0.015330377421392339,1.0,0.0,0.0,1.0,0.0,0.0,0.0
570,0.5,1.0,0.7738125157074642,0.0,0.0,0.020494635090094415,1.0,0.0,0.0,1.0,0.0,0.0,0.0
571,0.0,0.0,0.6607187735611963,0.25,0.0,0.10048070654571319,1.0,0.0,0.20000000000000004,0.0,1.0,0.0,0.0
572,0.0,1.0,0.4470972606182458,0.0,0.0,0.051504969851415845,1.0,0.0,0.0,1.0,0.0,0.0,0.0
573,1.0,0.0,0.36792055349407915,0.0,0.0,0.015126992566498259,0.0,0.0,0.0,0.0,0.0,1.0,0.0
574,1.0,1.0,0.19577783362653933,0.0,0.0,0.015712553569072387,1.0,0.0,0.0,1.0,0.0,0.0,0.0
575,1.0,1.0,0.2334757476752953,0.0,0.0,0.028302115124416098,1.0,0.0,0.0,1.0,0.0,0.0,0.0
576,0.5,0.0,0.4219653179190751,0.0,0.0,0.025374310111545468,1.0,0.0,0.0,0.0,0.0,1.0,0.0
577,0.0,0.0,0.4847951746670017,0.125,0.0,0.1091095334796455,1.0,0.0,0.1,0.0,1.0,0.0,0.0
578,1.0,0.0,0.36792055349407915,0.125,0.0,0.028220722145058292,0.0,1.0,0.1,0.0,1.0,0.0,0.0
579,1.0,1.0,0.39683337521990447,0.0,0.0,0.015468569817999833,1.0,0.0,0.0,1.0,0.0,0.0,0.0
580,0.5,0.0,0.3088715757728072,0.125,0.16666666666666666,0.05855610025741262,1.0,0.0,0.20000000000000004,0.0,0.0,1.0,0.0
581,0.0,0.0,0.4847951746670017,0.125,0.16666666666666666,0.21642978772242535,0.0,1.0,0.20000000000000004,0.0,1.0,0.0,0.0
582,0.5,1.0,0.6732847449107816,0.0,0.0,0.050748620223090936,1.0,0.0,0.0,1.0,0.0,0.0,0.0
583,0.0,1.0,0.4470972606182458,0.0,0.0,0.07831878409428937,0.0,1.0,0.0,1.0,0.0,0.0,0.0
584,1.0,1.0,0.36792055349407915,0.0,0.0,0.017005667449756914,0.0,1.0,0.0,1.0,0.0,0.0,0.0
585,0.0,0.0,0.22090977632571,0.0,0.3333333333333333,0.1554664461834305,1.0,0.0,0.20000000000000004,0.0,0.0,1.0,0.0
586,0.5,1.0,0.5853229454636844,0.0,0.0,0.02927805012870631,1.0,0.0,0.0,1.0,0.0,0.0,0.0
587,0.0,1.0,0.7486805730082936,0.125,0.16666666666666666,0.15458810467956932,0.0,1.0,0.20000000000000004,1.0,0.0,0.0,0.0
588,1.0,1.0,0.2711736617240512,0.0,0.0,0.015712553569072387,1.0,0.0,0.0,1.0,0.0,0.0,0.0
589,1.0,1.0,0.36792055349407915,0.0,0.0,0.015712553569072387,1.0,0.0,0.0,1.0,0.0,0.0,0.0
590,1.0,1.0,0.4345312892686604,0.0,0.0,0.013907073811135496,1.0,0.0,0.0,1.0,0.0,0.0,0.0
591,0.0,0.0,0.648152802211611,0.125,0.0,0.1527664244005612,0.0,1.0,0.1,0.0,1.0,0.0,0.0
592,1.0,1.0,0.5853229454636844,0.0,0.0,0.014151057562208049,1.0,0.0,0.0,1.0,0.0,0.0,0.0
593,1.0,0.0,0.36792055349407915,0.0,0.3333333333333333,0.015126992566498259,0.0,0.0,0.20000000000000004,0.0,0.0,1.0,0.0
594,0.5,1.0,0.4596632319678311,0.125,0.0,0.050748620223090936,1.0,0.0,0.1,1.0,0.0,0.0,0.0
595,1.0,1.0,0.4470972606182458,0.125,0.16666666666666666,0.04713766070721715,1.0,0.0,0.20000000000000004,1.0,0.0,0.0,0.0
596,0.5,0.0,0.36792055349407915,0.0,0.0,0.06441171028315387,1.0,0.0,0.0,0.0,0.0,1.0,0.0
597,1.0,1.0,0.610454888162855,0.0,0.0,0.0,1.0,0.0,0.0,1.0,0.0,0.0,0.0
598,1.0,1.0,0.36792055349407915,0.0,0.0,0.014102260811993537,0.0,1.0,0.0,1.0,0.0,0.0,0.0
599,0.0,1.0,0.610454888162855,0.125,0.0,0.11111839809247648,0.0,1.0,0.1,0.0,0.0,0.0,0.0
600,0.5,0.0,0.2963056044232219,0.25,0.16666666666666666,0.05270049023167135,1.0,0.0,0.30000000000000004,0.0,1.0,0.0,0.0
601,1.0,1.0,0.36792055349407915,0.0,0.0,0.015411575213749286,1.0,0.0,0.0,1.0,0.0,0.0,0.0
602,0.0,1.0,0.36792055349407915,0.0,0.0,0.08275928836380983,1.0,0.0,0.0,1.0,0.0,0.0,0.0
603,1.0,1.0,0.5476250314149284,0.0,0.0,0.015712553569072387,1.0,0.0,0.0,1.0,0.0,0.0,0.0
604,0.0,1.0,0.4345312892686604,0.0,0.0,0.051822148727810165,0.0,1.0,0.0,1.0,0.0,0.0,0.0
605,1.0,1.0,0.4470972606182458,0.125,0.0,0.030351578633425542,1.0,0.0,0.1,1.0,0.0,0.0,0.0
606,1.0,1.0,0.37170143252073384,0.0,0.0,0.015411575213749286,1.0,0.0,0.0,1.0,0.0,0.0,0.0
607,0.0,1.0,0.33400351847197784,0.0,0.0,0.05953203526170282,1.0,0.0,0.0,1.0,0.0,0.0,0.0
608,0.5,0.0,0.2711736617240512,0.125,0.3333333333333333,0.08115719346076702,0.0,1.0,0.30000000000000004,0.0,1.0,0.0,0.0
609,0.0,0.0,0.49736114601658704,0.0,0.0,0.2995388511917728,1.0,0.0,0.0,0.0,0.0,1.0,0.0
610,1.0,0.0,0.4847951746670017,0.125,0.8333333333333333,0.06104473451835265,1.0,0.0,0.6000000000000001,0.0,1.0,0.0,0.0
611,1.0,1.0,0.36792055349407915,0.0,0.0,0.013760683560491965,1.0,0.0,0.0,1.0,0.0,0.0,0.0
612,1.0,0.0,0.36792055349407915,0.125,0.0,0.030253985132996517,0.0,0.0,0.1,0.0,0.0,1.0,0.0
613,1.0,1.0,0.36792055349407915,0.0,0.0,0.015126992566498259,0.0,0.0,0.0,1.0,0.0,0.0,0.0
614,1.0,1.0,0.4345312892686604,0.0,0.0,0.015712553569072387,1.0,0.0,0.0,1.0,0.0,0.0,0.0
615,0.5,0.0,0.2963056044232219,0.125,0.3333333333333333,0.12687155055772734,1.0,0.0,0.30000000000000004,0.0,0.0,1.0,0.0
616,1.0,1.0,0.4219653179190751,0.125,0.16666666666666666,0.028106928123558056,1.0,0.0,0.20000000000000004,1.0,0.0,0.0,0.0
617,1.0,0.0,0.32143754712239253,0.125,0.0,0.031425107138144774,1.0,0.0,0.1,0.0,1.0,0.0,0.0
618,0.5,0.0,0.04498617743151546,0.25,0.16666666666666666,0.07612293033463641,1.0,0.0,0.30000000000000004,0.0,0.0,1.0,0.0
619,0.5,1.0,0.32143754712239253,0.0,0.0,0.020494635090094415,1.0,0.0,0.0,1.0,0.0,0.0,0.0
620,1.0,1.0,0.33400351847197784,0.125,0.0,0.028212719478023115,0.0,1.0,0.1,1.0,0.0,0.0,0.0
621,0.0,1.0,0.5224930887157577,0.125,0.0,0.10257896680493714,1.0,0.0,0.1,1.0,0.0,0.0,0.0
622,1.0,1.0,0.24604171902488062,0.125,0.16666666666666666,0.030725752114070404,0.0,1.0,0.20000000000000004,1.0,0.0,0.0,0.0
623,1.0,1.0,0.2586076903744659,0.0,0.0,0.015330377421392339,1.0,0.0,0.0,1.0,0.0,0.0,0.0
624,1.0,1.0,0.2586076903744659,0.0,0.0,0.031425107138144774,1.0,0.0,0.0,1.0,0.0,0.0,0.0
625,0.0,1.0,0.7612465443578789,0.0,0.0,0.06308600017332605,1.0,0.0,0.0,1.0,0.0,0.0,0.0
626,0.5,1.0,0.7109826589595376,0.0,0.0,0.024105594605968193,0.0,0.0,0.0,0.0,0.0,0.0,0.0
627,0.0,0.0,0.2586076903744659,0.0,0.0,0.15216446768991498,1.0,0.0,0.0,0.0,0.0,1.0,0.0
628,1.0,1.0,0.32143754712239253,0.0,0.0,0.015411575213749286,1.0,0.0,0.0,1.0,0.0,0.0,0.0
629,1.0,1.0,0.36792055349407915,0.0,0.0,0.015094396337354966,0.0,0.0,0.0,1.0,0.0,0.0,0.0
630,0.0,1.0,1.0,0.0,0.0,0.05855610025741262,1.0,0.0,0.0,1.0,0.0,0.0,0.0
631,1.0,1.0,0.6355868308620256,0.0,0.0,0.013768881414528002,1.0,0.0,0.0,1.0,0.0,0.0,0.0
632,0.0,1.0,0.39683337521990447,0.0,0.0,0.05953203526170282,0.0,1.0,0.0,0.0,0.0,0.0,0.0
633,0.0,1.0,0.36792055349407915,0.0,0.0,0.0,1.0,0.0,0.0,1.0,0.0,0.0,0.0
634,1.0,0.0,0.10781603417944208,0.375,0.3333333333333333,0.05445717323939373,1.0,0.0,0.5000000000000001,0.0,0.0,1.0,0.0
635,0.5,0.0,0.34656948982156316,0.0,0.0,0.025374310111545468,1.0,0.0,0.0,0.0,0.0,1.0,0.0
636,1.0,1.0,0.39683337521990447,0.0,0.0,0.015468569817999833,1.0,0.0,0.0,1.0,0.0,0.0,0.0
637,0.5,1.0,0.38426740387031916,0.125,0.16666666666666666,0.05123658772523604,1.0,0.0,0.20000000000000004,1.0,0.0,0.0,0.0
638,1.0,0.0,0.5099271173661725,0.0,0.8333333333333333,0.07746484096553544,1.0,0.0,0.5000000000000001,0.0,1.0,0.0,0.0
639,1.0,1.0,0.36792055349407915,0.125,0.0,0.031425107138144774,1.0,0.0,0.1,1.0,0.0,0.0,0.0
640,1.0,1.0,0.24604171902488062,0.0,0.0,0.015330377421392339,1.0,0.0,0.0,1.0,0.0,0.0,0.0
641,0.0,0.0,0.2963056044232219,0.0,0.0,0.13526459159462315,0.0,1.0,0.0,0.0,0.0,1.0,0.0
642,1.0,0.0,0.01985423473234481,0.375,0.3333333333333333,0.05445717323939373,1.0,0.0,0.5000000000000001,0.0,0.0,1.0,0.0
643,1.0,1.0,0.36792055349407915,0.0,0.0,0.11027245763075773,1.0,0.0,0.0,1.0,0.0,0.0,0.0
644,1.0,0.0,0.0041467705453631576,0.25,0.16666666666666666,0.03758969818624431,0.0,1.0,0.30000000000000004,0.0,0.0,1.0,0.0
645,0.0,1.0,0.5978889168132697,0.125,0.0,0.1497654242623688,0.0,1.0,0.1,1.0,0.0,0.0,0.0
646,1.0,1.0,0.2334757476752953,0.0,0.0,0.015411575213749286,1.0,0.0,0.0,1.0,0.0,0.0,0.0
647,0.0,1.0,0.6984166876099522,0.0,0.0,0.06929138530460494,0.0,1.0,0.0,0.0,0.0,0.0,0.0
648,1.0,1.0,0.36792055349407915,0.0,0.0,0.014736618564782174,1.0,0.0,0.0,1.0,0.0,0.0,0.0
649,1.0,0.0,0.2837396330736366,0.0,0.0,0.014736618564782174,1.0,0.0,0.0,0.0,0.0,1.0,0.0
650,1.0,1.0,0.36792055349407915,0.0,0.0,0.015411575213749286,1.0,0.0,0.0,1.0,0.0,0.0,0.0
651,0.5,0.0,0.22090977632571,0.0,0.16666666666666666,0.044893010197349675,1.0,0.0,0.1,0.0,0.0,1.0,0.0
652,1.0,1.0,0.2586076903744659,0.0,0.0,0.01646070534336126,1.0,0.0,0.0,1.0,0.0,0.0,0.0
653,1.0,0.0,0.36792055349407915,0.0,0.0,0.015281580671177828,0.0,0.0,0.0,0.0,0.0,1.0,0.0
654,1.0,0.0,0.22090977632571,0.0,0.0,0.013175122557917838,0.0,0.0,0.0,0.0,0.0,1.0,0.0
655,0.5,1.0,0.2963056044232219,0.25,0.0,0.1434624456306609,1.0,0.0,0.20000000000000004,1.0,0.0,0.0,0.0
656,1.0,1.0,0.36792055349407915,0.0,0.0,0.015411575213749286,1.0,0.0,0.0,1.0,0.0,0.0,0.0
657,1.0,0.0,0.39683337521990447,0.125,0.16666666666666666,0.030253985132996517,0.0,0.0,0.20000000000000004,0.0,1.0,0.0,0.0
658,0.5,1.0,0.2837396330736366,0.0,0.0,0.025374310111545468,1.0,0.0,0.0,1.0,0.0,0.0,0.0
659,0.0,1.0,0.723548630309123,0.0,0.3333333333333333,0.22109807522194713,0.0,1.0,0.20000000000000004,1.0,0.0,0.0,0.0
660,0.0,1.0,0.6230208595124404,0.25,0.0,0.2608674266467732,1.0,0.0,0.20000000000000004,0.0,0.0,0.0,0.0
661,1.0,1.0,0.49736114601658704,0.0,0.0,0.014102260811993537,0.0,1.0,0.0,1.0,0.0,0.0,0.0
662,0.0,1.0,0.5853229454636844,0.0,0.0,0.04994347384455151,1.0,0.0,0.0,1.0,0.0,0.0,0.0
663,1.0,1.0,0.4470972606182458,0.0,0.0,0.014630827210317117,1.0,0.0,0.0,1.0,0.0,0.0,0.0
664,1.0,1.0,0.24604171902488062,0.125,0.0,0.015468569817999833,1.0,0.0,0.1,1.0,0.0,0.0,0.0
665,0.5,1.0,0.39683337521990447,0.25,0.0,0.1434624456306609,1.0,0.0,0.20000000000000004,1.0,0.0,0.0,0.0
666,0.5,1.0,0.3088715757728072,0.0,0.0,0.025374310111545468,1.0,0.0,0.0,1.0,0.0,0.0,0.0
667,1.0,1.0,0.36792055349407915,0.0,0.0,0.015175789316712771,1.0,0.0,0.0,1.0,0.0,0.0,0.0
668,1.0,1.0,0.5350590600653431,0.0,0.0,0.015712553569072387,1.0,0.0,0.0,1.0,0.0,0.0,0.0
669,0.0,0.0,0.36792055349407915,0.125,0.0,0.10149724044618187,1.0,0.0,0.1,0.0,1.0,0.0,0.0
670,0.5,0.0,0.49736114601658704,0.125,0.16666666666666666,0.07612293033463641,1.0,0.0,0.20000000000000004,0.0,1.0,0.0,0.0
671,0.0,1.0,0.38426740387031916,0.125,0.0,0.10149724044618187,1.0,0.0,0.1,1.0,0.0,0.0,0.0
672,0.5,1.0,0.8743402865041467,0.0,0.0,0.020494635090094415,1.0,0.0,0.0,1.0,0.0,0.0,0.0
673,0.5,1.0,0.38426740387031916,0.0,0.0,0.025374310111545468,1.0,0.0,0.0,1.0,0.0,0.0,0.0
674,0.5,1.0,0.36792055349407915,0.0,0.0,0.0,1.0,0.0,0.0,1.0,0.0,0.0,0.0
675,1.0,1.0,0.22090977632571,0.0,0.0,0.015175789316712771,1.0,0.0,0.0,1.0,0.0,0.0,0.0
676,1.0,1.0,0.30258859009801453,0.0,0.0,0.015712553569072387,1.0,0.0,0.0,1.0,0.0,0.0,0.0
677,1.0,0.0,0.22090977632571,0.0,0.0,0.019209719063445922,1.0,0.0,0.0,0.0,0.0,1.0,0.0
678,1.0,0.0,0.5350590600653431,0.125,1.0,0.09154270340242172,1.0,0.0,0.7000000000000001,0.0,1.0,0.0,0.0
679,0.0,1.0,0.4470972606182458,0.0,0.16666666666666666,1.0,0.0,1.0,0.1,1.0,0.0,0.0,0.0
680,1.0,0.0,0.36792055349407915,0.0,0.0,0.01588334219482317,0.0,0.0,0.0,0.0,0.0,1.0,0.0
681,0.0,1.0,0.33400351847197784,0.0,0.0,0.1497654242623688,0.0,1.0,0.0,1.0,0.0,0.0,0.0
682,1.0,1.0,0.24604171902488062,0.0,0.0,0.01800600082915438,1.0,0.0,0.0,1.0,0.0,0.0,0.0
683,1.0,1.0,0.17064589092736868,0.625,0.3333333333333333,0.09154270340242172,1.0,0.0,0.7000000000000001,1.0,0.0,0.0,0.0
684,0.5,1.0,0.7486805730082936,0.125,0.16666666666666666,0.07612293033463641,1.0,0.0,0.20000000000000004,1.0,0.0,0.0,0.0
685,0.5,1.0,0.3088715757728072,0.125,0.3333333333333333,0.08115719346076702,0.0,1.0,0.30000000000000004,1.0,0.0,0.0,0.0
686,1.0,1.0,0.17064589092736868,0.5,0.16666666666666666,0.07746484096553544,1.0,0.0,0.5000000000000001,1.0,0.0,0.0,0.0
687,1.0,1.0,0.2334757476752953,0.0,0.0,0.019852079483269742,1.0,0.0,0.0,1.0,0.0,0.0,0.0
688,1.0,1.0,0.22090977632571,0.0,0.0,0.015216388212891242,1.0,0.0,0.0,1.0,0.0,0.0,0.0
689,0.0,0.0,0.18321186227695402,0.0,0.16666666666666666,0.41250332793836464,1.0,0.0,0.1,0.0,0.0,1.0,0.0
690,0.0,1.0,0.38426740387031916,0.125,0.0,0.11125659048908397,1.0,0.0,0.1,1.0,0.0,0.0,0.0
691,1.0,0.0,0.04498617743151546,0.0,0.16666666666666666,0.026187654344120927,0.0,1.0,0.1,0.0,0.0,1.0,0.0
692,1.0,1.0,0.36792055349407915,0.0,0.0,0.11027245763075773,1.0,0.0,0.0,1.0,0.0,0.0,0.0
693,1.0,1.0,0.3088715757728072,0.0,0.0,0.014102260811993537,0.0,1.0,0.0,1.0,0.0,0.0,0.0
694,0.0,1.0,0.7486805730082936,0.0,0.0,0.051822148727810165,1.0,0.0,0.0,0.0,0.0,0.0,0.0
695,0.5,1.0,0.648152802211611,0.0,0.0,0.026350245115835676,1.0,0.0,0.0,1.0,0.0,0.0,0.0
696,1.0,1.0,0.5476250314149284,0.0,0.0,0.015712553569072387,1.0,0.0,0.0,1.0,0.0,0.0,0.0
697,1.0,0.0,0.36792055349407915,0.0,0.0,0.015094396337354966,0.0,0.0,0.0,0.0,0.0,1.0,0.0
698,0.0,1.0,0.610454888162855,0.125,0.16666666666666666,0.21642978772242535,0.0,1.0,0.20000000000000004,1.0,0.0,0.0,0.0
699,1.0,1.0,0.5224930887157577,0.0,0.0,0.014931805565640218,1.0,0.0,0.0,1.0,0.0,0.0,0.0
700,0.0,0.0,0.22090977632571,0.125,0.0,0.4440992237022602,0.0,1.0,0.1,0.0,1.0,0.0,0.0
701,0.0,1.0,0.4345312892686604,0.0,0.0,0.05130978285055781,1.0,0.0,0.0,1.0,0.0,0.0,0.0
702,1.0,0.0,0.22090977632571,0.0,0.16666666666666666,0.028212719478023115,0.0,1.0,0.1,0.0,0.0,1.0,0.0
703,1.0,1.0,0.3088715757728072,0.0,0.0,0.015110792045427042,0.0,0.0,0.0,1.0,0.0,0.0,0.0
704,1.0,1.0,0.32143754712239253,0.125,0.0,0.015330377421392339,1.0,0.0,0.1,1.0,0.0,0.0,0.0
705,0.5,1.0,0.4847951746670017,0.0,0.0,0.050748620223090936,1.0,0.0,0.0,1.0,0.0,0.0,0.0
706,0.5,0.0,0.5601910027645137,0.0,0.0,0.026350245115835676,1.0,0.0,0.0,0.0,1.0,0.0,0.0
707,0.0,1.0,0.5224930887157577,0.0,0.0,0.05130978285055781,1.0,0.0,0.0,1.0,0.0,0.0,0.0
708,0.0,0.0,0.2711736617240512,0.0,0.0,0.29580589980036276,1.0,0.0,0.0,0.0,0.0,1.0,0.0
709,1.0,1.0,0.36792055349407915,0.125,0.16666666666666666,0.029757819776815374,0.0,1.0,0.20000000000000004,0.0,0.0,0.0,1.0
710,0.0,0.0,0.2963056044232219,0.0,0.0,0.09662576327876685,0.0,1.0,0.0,0.0,0.0,1.0,0.0
711,0.0,1.0,0.36792055349407915,0.0,0.0,0.051822148727810165,1.0,0.0,0.0,1.0,0.0,0.0,0.0
712,0.0,1.0,0.5978889168132697,0.125,0.0,0.10149724044618187,1.0,0.0,0.1,1.0,0.0,0.0,0.0
713,1.0,1.0,0.35913546117114853,0.0,0.0,0.018510168852370702,1.0,0.0,0.0,1.0,0.0,0.0,0.0
714,0.5,1.0,0.648152802211611,0.0,0.0,0.025374310111545468,1.0,0.0,0.0,1.0,0.0,0.0,0.0
715,1.0,1.0,0.2334757476752953,0.0,0.0,0.014931805565640218,1.0,0.0,0.0,1.0,0.0,0.0,0.0
716,0.0,0.0,0.4722292033174164,0.0,0.0,0.4440992237022602,0.0,1.0,0.0,0.0,0.0,1.0,0.0
717,0.5,0.0,0.33400351847197784,0.0,0.0,0.020494635090094415,1.0,0.0,0.0,0.0,0.0,1.0,0.0
718,1.0,1.0,0.36792055349407915,0.0,0.0,0.030253985132996517,0.0,0.0,0.0,1.0,0.0,0.0,0.0
719,1.0,1.0,0.4093993465694898,0.0,0.0,0.015175789316712771,1.0,0.0,0.0,1.0,0.0,0.0,0.0
720,0.5,0.0,0.0701181201306861,0.0,0.16666666666666666,0.06441171028315387,1.0,0.0,0.1,0.0,0.0,1.0,0.0
721,1.0,1.0,0.20834380497612465,0.125,0.0,0.013768881414528002,1.0,0.0,0.1,1.0,0.0,0.0,0.0
722,0.5,1.0,0.4219653179190751,0.0,0.0,0.025374310111545468,1.0,0.0,0.0,1.0,0.0,0.0,0.0
723,0.5,1.0,0.6230208595124404,0.0,0.0,0.025374310111545468,1.0,0.0,0.0,1.0,0.0,0.0,0.0
724,0.0,1.0,0.33400351847197784,0.125,0.0,0.10364429745562033,1.0,0.0,0.1,1.0,0.0,0.0,0.0
725,1.0,1.0,0.24604171902488062,0.0,0.0,0.016908073949327893,1.0,0.0,0.0,1.0,0.0,0.0,0.0
726,0.5,0.0,0.37170143252073384,0.375,0.0,0.04098927018018883,1.0,0.0,0.30000000000000004,0.0,1.0,0.0,0.0
727,1.0,0.0,0.36792055349407915,0.0,0.0,0.015102594191391004,0.0,0.0,0.0,0.0,0.0,1.0,0.0
728,0.5,1.0,0.3088715757728072,0.125,0.0,0.050748620223090936,1.0,0.0,0.1,1.0,0.0,0.0,0.0
729,1.0,0.0,0.3088715757728072,0.125,0.0,0.015468569817999833,1.0,0.0,0.1,0.0,0.0,1.0,0.0
730,0.0,0.0,0.35913546117114853,0.0,0.0,0.41250332793836464,1.0,0.0,0.0,0.0,0.0,1.0,0.0
731,1.0,1.0,0.1329479768786127,0.0,0.0,0.036670757786204655,0.0,1.0,0.0,1.0,0.0,0.0,0.0
732,0.5,1.0,0.36792055349407915,0.0,0.0,0.0,1.0,0.0,0.0,1.0,0.0,0.0,0.0
733,0.5,1.0,0.2837396330736366,0.0,0.0,0.025374310111545468,1.0,0.0,0.0,1.0,0.0,0.0,0.0
734,0.5,1.0,0.2837396330736366,0.0,0.0,0.025374310111545468,1.0,0.0,0.0,1.0,0.0,0.0,0.0
735,1.0,1.0,0.35285247549635584,0.0,0.0,0.031425107138144774,1.0,0.0,0.0,1.0,0.0,0.0,0.0
736,1.0,0.0,0.5978889168132697,0.125,0.5,0.06709553154495196,1.0,0.0,0.4,0.0,1.0,0.0,0.0
737,0.0,1.0,0.4345312892686604,0.0,0.0,1.0,0.0,1.0,0.0,1.0,0.0,0.0,0.0
738,1.0,1.0,0.36792055349407915,0.0,0.0,0.015411575213749286,1.0,0.0,0.0,1.0,0.0,0.0,0.0
739,1.0,1.0,0.36792055349407915,0.0,0.0,0.015411575213749286,1.0,0.0,0.0,1.0,0.0,0.0,0.0
740,0.0,1.0,0.36792055349407915,0.0,0.0,0.05855610025741262,1.0,0.0,0.0,1.0,0.0,0.0,0.0
741,0.0,1.0,0.4470972606182458,0.125,0.0,0.15390495017656614,1.0,0.0,0.1,1.0,0.0,0.0,0.0
742,0.0,0.0,0.2586076903744659,0.25,0.3333333333333333,0.5121218935012878,0.0,1.0,0.4,0.0,0.0,1.0,0.0
743,1.0,1.0,0.2963056044232219,0.125,0.0,0.031425107138144774,1.0,0.0,0.1,1.0,0.0,0.0,0.0
744,1.0,1.0,0.38426740387031916,0.0,0.0,0.015468569817999833,1.0,0.0,0.0,1.0,0.0,0.0,0.0
745,0.0,1.0,0.8743402865041467,0.125,0.16666666666666666,0.13858277060920987,1.0,0.0,0.20000000000000004,0.0,0.0,0.0,0.0
746,1.0,1.0,0.19577783362653933,0.125,0.16666666666666666,0.03952536767375352,1.0,0.0,0.20000000000000004,1.0,0.0,0.0,0.0
747,0.5,0.0,0.37170143252073384,0.0,0.0,0.025374310111545468,1.0,0.0,0.0,0.0,0.0,1.0,0.0
748,0.0,1.0,0.2334757476752953,0.125,0.0,0.10364429745562033,1.0,0.0,0.1,1.0,0.0,0.0,0.0
749,1.0,1.0,0.38426740387031916,0.0,0.0,0.015126992566498259,0.0,0.0,0.0,1.0,0.0,0.0,0.0
750,0.5,0.0,0.04498617743151546,0.125,0.16666666666666666,0.044893010197349675,1.0,0.0,0.20000000000000004,0.0,0.0,1.0,0.0
751,1.0,1.0,0.0701181201306861,0.0,0.16666666666666666,0.024349578357040744,1.0,0.0,0.1,0.0,0.0,0.0,1.0
752,1.0,1.0,0.4093993465694898,0.0,0.0,0.018542765081513996,1.0,0.0,0.0,1.0,0.0,0.0,0.0
753,1.0,1.0,0.2837396330736366,0.0,0.0,0.015411575213749286,1.0,0.0,0.0,1.0,0.0,0.0,0.0
754,0.5,0.0,0.5978889168132697,0.125,0.3333333333333333,0.12687155055772734,1.0,0.0,0.30000000000000004,0.0,1.0,0.0,0.0
755,0.5,1.0,0.003141492837396331,0.125,0.16666666666666666,0.028302115124416098,1.0,0.0,0.20000000000000004,0.0,0.0,0.0,1.0
756,1.0,1.0,0.34656948982156316,0.0,0.0,0.015216388212891242,1.0,0.0,0.0,1.0,0.0,0.0,0.0
757,0.5,1.0,0.22090977632571,0.0,0.0,0.022446505098674838,1.0,0.0,0.0,1.0,0.0,0.0,0.0
758,1.0,1.0,0.4219653179190751,0.0,0.0,0.015712553569072387,1.0,0.0,0.0,1.0,0.0,0.0,0.0
759,0.0,0.0,0.4093993465694898,0.0,0.0,0.16883675574220638,1.0,0.0,0.0,0.0,0.0,0.0,0.0
760,1.0,1.0,0.36792055349407915,0.0,0.0,0.028302115124416098,1.0,0.0,0.0,1.0,0.0,0.0,0.0
761,1.0,1.0,0.5099271173661725,0.0,0.0,0.013907073811135496,1.0,0.0,0.0,1.0,0.0,0.0,0.0
762,1.0,1.0,0.24604171902488062,0.0,0.0,0.014110458666029575,0.0,1.0,0.0,1.0,0.0,0.0,0.0
763,0.0,0.0,0.4470972606182458,0.125,0.3333333333333333,0.23422440102965048,1.0,0.0,0.30000000000000004,0.0,1.0,0.0,0.0
764,1.0,1.0,0.19577783362653933,0.0,0.0,0.015175789316712771,1.0,0.0,0.0,1.0,0.0,0.0,0.0
765,0.0,0.0,0.6355868308620256,0.125,0.0,0.15216446768991498,1.0,0.0,0.1,0.0,1.0,0.0,0.0
766,0.0,1.0,0.36792055349407915,0.0,0.0,0.07729405233978466,0.0,1.0,0.0,0.0,0.0,0.0,0.0
767,1.0,0.0,0.3779844181955265,0.0,0.0,0.015126992566498259,0.0,0.0,0.0,0.0,0.0,1.0,0.0
768,1.0,1.0,0.36792055349407915,0.125,0.0,0.04713766070721715,0.0,0.0,0.1,1.0,0.0,0.0,0.0
769,1.0,1.0,0.39683337521990447,0.0,0.0,0.016322512946753766,1.0,0.0,0.0,1.0,0.0,0.0,0.0
770,1.0,1.0,0.2963056044232219,0.0,0.0,0.018542765081513996,1.0,0.0,0.0,1.0,0.0,0.0,0.0
771,1.0,1.0,0.5978889168132697,0.0,0.0,0.015330377421392339,1.0,0.0,0.0,1.0,0.0,0.0,0.0
772,0.5,0.0,0.7109826589595376,0.0,0.0,0.020494635090094415,1.0,0.0,0.0,0.0,1.0,0.0,0.0
773,1.0,1.0,0.36792055349407915,0.0,0.0,0.014102260811993537,0.0,1.0,0.0,1.0,0.0,0.0,0.0
774,0.5,0.0,0.6732847449107816,0.125,0.5,0.044893010197349675,1.0,0.0,0.4,0.0,1.0,0.0,0.0
775,1.0,1.0,0.22090977632571,0.0,0.0,0.015126992566498259,1.0,0.0,0.0,1.0,0.0,0.0,0.0
776,1.0,1.0,0.36792055349407915,0.0,0.0,0.015126992566498259,0.0,0.0,0.0,1.0,0.0,0.0,0.0
777,1.0,0.0,0.05755214878110078,0.0,0.0,0.024349578357040744,1.0,0.0,0.0,0.0,0.0,1.0,0.0
778,1.0,1.0,0.36792055349407915,0.0,0.0,0.015102594191391004,0.0,0.0,0.0,1.0,0.0,0.0,0.0
779,0.0,0.0,0.5350590600653431,0.0,0.16666666666666666,0.41250332793836464,1.0,0.0,0.1,0.0,1.0,0.0,0.0
780,1.0,0.0,0.15807991957778336,0.0,0.0,0.014110458666029575,0.0,1.0,0.0,0.0,0.0,1.0,0.0
781,0.0,0.0,0.20834380497612465,0.125,0.0,0.11125659048908397,1.0,0.0,0.1,0.0,1.0,0.0,0.0
782,0.0,1.0,0.35913546117114853,0.0,0.0,0.05855610025741262,1.0,0.0,0.0,1.0,0.0,0.0,0.0
783,1.0,1.0,0.36792055349407915,0.125,0.3333333333333333,0.04577135170121086,1.0,0.0,0.30000000000000004,1.0,0.0,0.0,0.0
784,1.0,1.0,0.3088715757728072,0.0,0.0,0.013760683560491965,1.0,0.0,0.0,1.0,0.0,0.0,0.0
785,1.0,1.0,0.3088715757728072,0.0,0.0,0.014151057562208049,1.0,0.0,0.0,1.0,0.0,0.0,0.0
786,1.0,0.0,0.22090977632571,0.0,0.0,0.014630827210317117,1.0,0.0,0.0,0.0,0.0,1.0,0.0
787,1.0,1.0,0.09525006282985675,0.5,0.16666666666666666,0.05684821399990475,0.0,0.0,0.5000000000000001,0.0,0.0,0.0,1.0
788,1.0,1.0,0.007288263382759488,0.125,0.3333333333333333,0.04015972542654215,1.0,0.0,0.30000000000000004,0.0,0.0,0.0,1.0
789,0.0,1.0,0.5727569741140991,0.0,0.0,0.15458810467956932,0.0,1.0,0.0,1.0,0.0,0.0,0.0
790,1.0,1.0,0.36792055349407915,0.0,0.0,0.015126992566498259,0.0,0.0,0.0,1.0,0.0,0.0,0.0
791,0.5,1.0,0.19577783362653933,0.0,0.0,0.050748620223090936,1.0,0.0,0.0,1.0,0.0,0.0,0.0
792,1.0,0.0,0.36792055349407915,1.0,0.3333333333333333,0.13575255909676825,1.0,0.0,1.0,0.0,0.0,1.0,0.0
793,0.0,1.0,0.36792055349407915,0.0,0.0,0.05991421140938287,0.0,1.0,0.0,1.0,0.0,0.0,0.0
794,1.0,1.0,0.3088715757728072,0.0,0.0,0.015411575213749286,1.0,0.0,0.0,1.0,0.0,0.0,0.0
795,0.5,1.0,0.4847951746670017,0.0,0.0,0.025374310111545468,1.0,0.0,0.0,1.0,0.0,0.0,0.0
796,0.0,0.0,0.610454888162855,0.0,0.0,0.050610427826483444,1.0,0.0,0.0,0.0,0.0,0.0,0.0
797,1.0,0.0,0.38426740387031916,0.0,0.0,0.016948672845506364,1.0,0.0,0.0,0.0,1.0,0.0,0.0
798,1.0,1.0,0.37170143252073384,0.0,0.0,0.014110458666029575,0.0,1.0,0.0,1.0,0.0,0.0,0.0
799,1.0,0.0,0.37170143252073384,0.125,0.16666666666666666,0.04713766070721715,1.0,0.0,0.20000000000000004,0.0,1.0,0.0,0.0
800,0.5,1.0,0.4219653179190751,0.0,0.0,0.025374310111545468,1.0,0.0,0.0,1.0,0.0,0.0,0.0
801,0.5,0.0,0.38426740387031916,0.125,0.16666666666666666,0.05123658772523604,1.0,0.0,0.20000000000000004,0.0,1.0,0.0,0.0
802,0.0,1.0,0.1329479768786127,0.125,0.3333333333333333,0.23422440102965048,1.0,0.0,0.30000000000000004,0.0,0.0,0.0,1.0
803,1.0,1.0,0.0,0.0,0.16666666666666666,0.016623491302076868,0.0,1.0,0.1,0.0,0.0,0.0,1.0
804,1.0,1.0,0.33400351847197784,0.0,0.0,0.013614293309848433,1.0,0.0,0.0,1.0,0.0,0.0,0.0
805,1.0,1.0,0.38426740387031916,0.0,0.0,0.015175789316712771,1.0,0.0,0.0,1.0,0.0,0.0,0.0
806,0.0,1.0,0.4847951746670017,0.0,0.0,0.0,1.0,0.0,0.0,1.0,0.0,0.0,0.0
807,1.0,0.0,0.22090977632571,0.0,0.0,0.015175789316712771,1.0,0.0,0.0,0.0,0.0,1.0,0.0
808,0.5,1.0,0.4847951746670017,0.0,0.0,0.025374310111545468,1.0,0.0,0.0,1.0,0.0,0.0,0.0
809,0.0,0.0,0.4093993465694898,0.125,0.0,0.10364429745562033,1.0,0.0,0.1,0.0,1.0,0.0,0.0
810,1.0,1.0,0.32143754712239253,0.0,0.0,0.015395374692678068,1.0,0.0,0.0,1.0,0.0,0.0,0.0
811,1.0,1.0,0.4847951746670017,0.0,0.0,0.04713766070721715,1.0,0.0,0.0,1.0,0.0,0.0,0.0
812,0.5,1.0,0.4345312892686604,0.0,0.0,0.020494635090094415,1.0,0.0,0.0,1.0,0.0,0.0,0.0
813,1.0,0.0,0.0701181201306861,0.5,0.3333333333333333,0.06104473451835265,1.0,0.0,0.6000000000000001,0.0,0.0,1.0,0.0
814,1.0,1.0,0.3779844181955265,0.0,0.0,0.015712553569072387,1.0,0.0,0.0,1.0,0.0,0.0,0.0
815,0.0,1.0,0.36792055349407915,0.0,0.0,0.0,1.0,0.0,0.0,1.0,0.0,0.0,0.0
816,1.0,0.0,0.2837396330736366,0.0,0.0,0.015468569817999833,1.0,0.0,0.0,0.0,0.0,1.0,0.0
817,0.5,1.0,0.38426740387031916,0.125,0.16666666666666666,0.07222738817151159,0.0,1.0,0.20000000000000004,1.0,0.0,0.0,0.0
818,1.0,1.0,0.5350590600653431,0.0,0.0,0.012589561555343713,1.0,0.0,0.0,1.0,0.0,0.0,0.0
819,1.0,1.0,0.12038200552902739,0.375,0.3333333333333333,0.05445717323939373,1.0,0.0,0.5000000000000001,0.0,0.0,0.0,1.0
820,0.0,0.0,0.648152802211611,0.125,0.16666666666666666,0.18249984580226933,1.0,0.0,0.20000000000000004,0.0,1.0,0.0,0.0
821,1.0,1.0,0.33400351847197784,0.0,0.0,0.016908073949327893,1.0,0.0,0.0,1.0,0.0,0.0,0.0
822,0.0,1.0,0.4722292033174164,0.0,0.0,0.0,1.0,0.0,0.0,0.0,0.0,0.0,0.0
823,1.0,0.0,0.33400351847197784,0.0,0.16666666666666666,0.024349578357040744,1.0,0.0,0.1,0.0,1.0,0.0,0.0
824,1.0,1.0,0.01985423473234481,0.5,0.16666666666666666,0.07746484096553544,1.0,0.0,0.5000000000000001,0.0,0.0,0.0,1.0
825,1.0,1.0,0.36792055349407915,0.0,0.0,0.013565496559633922,0.0,0.0,0.0,1.0,0.0,0.0,0.0
826,1.0,1.0,0.36792055349407915,0.0,0.0,0.11027245763075773,1.0,0.0,0.0,1.0,0.0,0.0,0.0
827,0.5,1.0,0.007288263382759488,0.0,0.3333333333333333,0.07222738817151159,0.0,1.0,0.20000000000000004,0.0,0.0,0.0,1.0
828,1.0,1.0,0.36792055349407915,0.0,0.0,0.015126992566498259,0.0,0.0,0.0,1.0,0.0,0.0,0.0
829,0.0,0.0,0.7738125157074642,0.0,0.0,0.15614960068643363,1.0,0.0,0.0,0.0,1.0,0.0,0.0
830,1.0,0.0,0.18321186227695402,0.125,0.0,0.028212719478023115,0.0,1.0,0.1,0.0,1.0,0.0,0.0
831,0.5,1.0,0.005152048253329982,0.125,0.16666666666666666,0.03659756266088288,1.0,0.0,0.20000000000000004,0.0,0.0,0.0,1.0
832,1.0,1.0,0.36792055349407915,0.0,0.0,0.014110458666029575,0.0,1.0,0.0,1.0,0.0,0.0,0.0
833,1.0,1.0,0.2837396330736366,0.0,0.0,0.015330377421392339,1.0,0.0,0.0,1.0,0.0,0.0,0.0
834,1.0,1.0,0.22090977632571,0.0,0.0,0.016200521071217493,1.0,0.0,0.0,1.0,0.0,0.0,0.0
835,0.0,0.0,0.4847951746670017,0.125,0.16666666666666666,0.16231419173453318,0.0,1.0,0.20000000000000004,0.0,0.0,1.0,0.0
836,1.0,1.0,0.2586076903744659,0.0,0.0,0.016908073949327893,1.0,0.0,0.0,1.0,0.0,0.0,0.0
837,1.0,1.0,0.36792055349407915,0.0,0.0,0.015712553569072387,1.0,0.0,0.0,1.0,0.0,0.0,0.0
838,1.0,1.0,0.39683337521990447,0.0,0.0,0.11027245763075773,1.0,0.0,0.0,1.0,0.0,0.0,0.0
839,0.0,1.0,0.36792055349407915,0.0,0.0,0.057970539254838485,0.0,1.0,0.0,1.0,0.0,0.0,0.0
840,1.0,1.0,0.24604171902488062,0.0,0.0,0.015468569817999833,1.0,0.0,0.0,1.0,0.0,0.0,0.0
841,0.5,1.0,0.19577783362653933,0.0,0.0,0.020494635090094415,1.0,0.0,0.0,1.0,0.0,0.0,0.0
842,0.0,0.0,0.37170143252073384,0.0,0.0,0.060507970265993034,0.0,1.0,0.0,0.0,0.0,1.0,0.0
843,1.0,1.0,0.4282483035938678,0.0,0.0,0.012565163180236457,0.0,1.0,0.0,1.0,0.0,0.0,0.0
844,1.0,1.0,0.20834380497612465,0.0,0.0,0.016908073949327893,1.0,0.0,0.0,1.0,0.0,0.0,0.0
845,1.0,1.0,0.5224930887157577,0.0,0.0,0.014736618564782174,1.0,0.0,0.0,1.0,0.0,0.0,0.0
846,1.0,1.0,0.36792055349407915,1.0,0.3333333333333333,0.13575255909676825,1.0,0.0,1.0,1.0,0.0,0.0,0.0
847,1.0,1.0,0.4345312892686604,0.0,0.0,0.015411575213749286,0.0,1.0,0.0,1.0,0.0,0.0,0.0
848,0.5,1.0,0.34656948982156316,0.0,0.16666666666666666,0.06441171028315387,1.0,0.0,0.1,0.0,0.0,0.0,0.0
849,0.0,0.0,0.36792055349407915,0.125,0.0,0.17391981561855152,0.0,1.0,0.1,0.0,1.0,0.0,0.0
850,1.0,1.0,0.04498617743151546,0.5,0.3333333333333333,0.06104473451835265,1.0,0.0,0.6000000000000001,0.0,0.0,0.0,1.0
851,1.0,1.0,0.9246041719024881,0.0,0.0,0.015175789316712771,1.0,0.0,0.0,1.0,0.0,0.0,0.0
852,1.0,0.0,0.10781603417944208,0.125,0.16666666666666666,0.029757819776815374,0.0,1.0,0.20000000000000004,0.0,0.0,1.0,0.0
853,0.0,0.0,0.19577783362653933,0.0,0.16666666666666666,0.07690367833806856,1.0,0.0,0.1,0.0,0.0,1.0,0.0
854,0.5,0.0,0.5476250314149284,0.125,0.0,0.050748620223090936,1.0,0.0,0.1,0.0,1.0,0.0,0.0
855,1.0,0.0,0.22090977632571,0.0,0.16666666666666666,0.018249984580226933,1.0,0.0,0.1,0.0,1.0,0.0,0.0
856,0.0,0.0,0.5601910027645137,0.125,0.16666666666666666,0.32179836714362564,1.0,0.0,0.20000000000000004,0.0,1.0,0.0,0.0
857,0.0,1.0,0.6355868308620256,0.0,0.0,0.051822148727810165,1.0,0.0,0.0,1.0,0.0,0.0,0.0
858,1.0,0.0,0.2963056044232219,0.0,0.5,0.03758969818624431,0.0,1.0,0.30000000000000004,0.0,1.0,0.0,0.0
859,1.0,1.0,0.36792055349407915,0.0,0.0,0.014110458666029575,0.0,1.0,0.0,1.0,0.0,0.0,0.0
860,1.0,1.0,0.5099271173661725,0.25,0.0,0.027537567642055148,1.0,0.0,0.20000000000000004,1.0,0.0,0.0,0.0
861,0.5,1.0,0.2586076903744659,0.125,0.0,0.022446505098674838,1.0,0.0,0.1,1.0,0.0,0.0,0.0
862,0.0,0.0,0.5978889168132697,0.0,0.0,0.050610427826483444,1.0,0.0,0.0,0.0,1.0,0.0,0.0
863,1.0,0.0,0.36792055349407915,1.0,0.3333333333333333,0.13575255909676825,1.0,0.0,1.0,0.0,0.0,1.0,0.0
864,0.5,1.0,0.2963056044232219,0.0,0.0,0.025374310111545468,1.0,0.0,0.0,1.0,0.0,0.0,0.0
865,0.5,0.0,0.5224930887157577,0.0,0.0,0.025374310111545468,1.0,0.0,0.0,0.0,1.0,0.0,0.0
866,0.5,0.0,0.33400351847197784,0.125,0.0,0.027049600139910042,0.0,1.0,0.1,0.0,0.0,1.0,0.0
867,0.0,1.0,0.38426740387031916,0.0,0.0,0.09856123757927521,1.0,0.0,0.0,1.0,0.0,0.0,0.0
868,1.0,1.0,0.36792055349407915,0.0,0.0,0.018542765081513996,1.0,0.0,0.0,1.0,0.0,0.0,0.0
869,1.0,1.0,0.04498617743151546,0.125,0.16666666666666666,0.021730754366528396,1.0,0.0,0.20000000000000004,0.0,0.0,0.0,1.0
870,1.0,1.0,0.32143754712239253,0.0,0.0,0.015411575213749286,1.0,0.0,0.0,1.0,0.0,0.0,0.0
871,0.0,0.0,0.5853229454636844,0.125,0.16666666666666666,0.10257896680493714,1.0,0.0,0.20000000000000004,0.0,1.0,0.0,0.0
872,0.0,1.0,0.4093993465694898,0.0,0.0,0.009759350042902102,1.0,0.0,0.0,1.0,0.0,0.0,0.0
873,1.0,1.0,0.5853229454636844,0.0,0.0,0.017566830077223785,1.0,0.0,0.0,1.0,0.0,0.0,0.0
874,0.5,0.0,0.34656948982156316,0.125,0.0,0.04684488020593009,0.0,1.0,0.1,0.0,1.0,0.0,0.0
875,1.0,0.0,0.18321186227695402,0.0,0.0,0.014102260811993537,0.0,1.0,0.0,0.0,0.0,1.0,0.0
876,1.0,1.0,0.24604171902488062,0.0,0.0,0.019217721730481106,1.0,0.0,0.0,1.0,0.0,0.0,0.0
877,1.0,1.0,0.2334757476752953,0.0,0.0,0.015411575213749286,1.0,0.0,0.0,1.0,0.0,0.0,0.0
878,1.0,1.0,0.36792055349407915,0.0,0.0,0.015411575213749286,1.0,0.0,0.0,1.0,0.0,0.0,0.0
879,0.0,0.0,0.6984166876099522,0.0,0.16666666666666666,0.16231419173453318,0.0,1.0,0.1,0.0,1.0,0.0,0.0
880,0.5,0.0,0.3088715757728072,0.0,0.16666666666666666,0.050748620223090936,1.0,0.0,0.1,0.0,1.0,0.0,0.0
881,1.0,1.0,0.4093993465694898,0.0,0.0,0.015411575213749286,1.0,0.0,0.0,1.0,0.0,0.0,0.0
882,1.0,0.0,0.2711736617240512,0.0,0.0,0.02052723131923771,1.0,0.0,0.0,0.0,0.0,1.0,0.0
883,0.5,1.0,0.34656948982156316,0.0,0.0,0.020494635090094415,1.0,0.0,0.0,1.0,0.0,0.0,0.0
884,1.0,1.0,0.3088715757728072,0.0,0.0,0.013760683560491965,1.0,0.0,0.0,1.0,0.0,0.0,0.0
885,1.0,0.0,0.4847951746670017,0.0,0.8333333333333333,0.05684821399990475,0.0,0.0,0.5000000000000001,0.0,1.0,0.0,0.0
886,0.5,1.0,0.33400351847197784,0.0,0.0,0.025374310111545468,1.0,0.0,0.0,0.0,0.0,0.0,0.0
887,0.0,0.0,0.2334757476752953,0.0,0.0,0.05855610025741262,1.0,0.0,0.0,0.0,0.0,1.0,0.0
888,1.0,0.0,0.36792055349407915,0.125,0.3333333333333333,0.04577135170121086,1.0,0.0,0.30000000000000004,0.0,0.0,1.0,0.0
889,0.0,1.0,0.32143754712239253,0.0,0.0,0.05855610025741262,0.0,1.0,0.0,1.0,0.0,0.0,0.0
890,1.0,1.0,0.39683337521990447,0.0,0.0,0.015126992566498259,0.0,0.0,0.0,1.0,0.0,0.0,0.0
